match_id,date,season,home_team,away_team,home_goals,away_goals,home_avg_xg_last5,away_avg_xg_last5,home_avg_xg_against_last5,away_avg_xg_against_last5,home_avg_goals_scored_last5,away_avg_goals_scored_last5,home_avg_possession_last5,away_avg_possession_last5,home_avg_fouls_last5,away_avg_fouls_last5,home_avg_yellow_cards_last5,away_avg_yellow_cards_last5,home_avg_red_cards_last5,away_avg_red_cards_last5,home_winrate_last5,away_winrate_last5,result
PL-001,2025-08-15,2025-26,Liverpool,Bournemouth,4,2,1.56,2.17,1.16,1.48,1.4,1.2,58.5,51.7,11,10.8,1.2,2.2,0,0,0.4,0.4,1
PL-002,2025-08-16,2025-26,Aston Villa,Newcastle United,0,0,1.46,1.54,1.86,2.12,1.8,1.2,51.5,50.2,7.8,11.2,1.6,2.4,0,0.2,0.4,0.4,0
PL-003,2025-08-16,2025-26,Sunderland,West Ham United,3,0,1.59,1.01,1.52,1.23,1.4,1.2,44,40,14,11.2,3.2,2,0,0,0.6,0.4,1
PL-004,2025-08-16,2025-26,Brighton,Fulham,1,1,1.5,1.43,0.9,1.34,1.4,0.6,53.3,53.6,12.4,9.4,2.6,1.6,0,0,0.6,0.2,0
PL-005,2025-08-16,2025-26,Tottenham Hotspur,Burnley,3,0,1.2,0.89,1.53,2.08,0.8,0.4,44.9,45.2,13.8,10.2,2,1.6,0.2,0.2,0,0,1
PL-006,2025-08-16,2025-26,Wolves,Manchester City,0,4,0.79,1.85,2,1.16,1.2,1.8,44.7,66.2,11.2,8.4,2.4,1.6,0,0,0.4,0.6,-1
PL-007,2025-08-17,2025-26,Chelsea,Crystal Palace,0,0,1.83,1.18,1.09,1.3,0.8,1.2,56.7,52.2,9.4,13.6,2,1.6,0,0.2,0.2,0.4,0
PL-008,2025-08-17,2025-26,Nottingham Forest,Brentford,3,1,1.26,1.46,1.11,1.28,2,0.8,41.9,49.3,10,9,2,0.6,0,0,0.4,0,1
PL-009,2025-08-17,2025-26,Manchester Utd,Arsenal,0,1,1.15,1.65,1.77,1.11,1.6,1.4,49,48.1,12,11.6,2.8,1,0.4,0,0.4,0.6,-1
PL-010,2025-08-18,2025-26,Leeds United,Everton,1,0,1.63,1.09,0.77,1.67,1,1.6,52.9,43.2,11.2,8.4,2,0.8,0.2,0,0.4,0.4,1
PL-011,2025-08-22,2025-26,West Ham United,Chelsea,1,5,1.01,1.83,1.23,1.09,1.2,0.8,40,56.7,11.2,9.4,2,2,0,0,0.4,0.2,-1
PL-012,2025-08-23,2025-26,Manchester City,Tottenham Hotspur,0,2,1.85,1.2,1.16,1.53,1.8,0.8,66.2,44.9,8.4,13.8,1.6,2,0,0.2,0.6,0,-1
PL-013,2025-08-23,2025-26,Bournemouth,Wolves,1,0,2.17,0.79,1.48,2,1.2,1.2,51.7,44.7,10.8,11.2,2.2,2.4,0,0,0.4,0.4,1
PL-014,2025-08-23,2025-26,Brentford,Aston Villa,1,0,1.46,1.46,1.28,1.86,0.8,1.8,49.3,51.5,9,7.8,0.6,1.6,0,0,0,0.4,1
PL-015,2025-08-23,2025-26,Burnley,Sunderland,2,0,0.89,1.59,2.08,1.52,0.4,1.4,45.2,44,10.2,14,1.6,3.2,0.2,0,0,0.6,1
PL-016,2025-08-23,2025-26,Arsenal,Leeds United,5,0,1.65,1.63,1.11,0.77,1.4,1,48.1,52.9,11.6,11.2,1,2,0,0.2,0.6,0.4,1
PL-017,24/08/2025,2025-26,Crystal Palace,Nottingham Forest,1,1,1.18,1.26,1.3,1.11,1.2,2,52.2,41.9,13.6,10,1.6,2,0.2,0,0.4,0.4,0
PL-018,2025-08-24,2025-26,Everton,Brighton,2,0,1.09,1.5,1.67,0.9,1.6,1.4,43.2,53.3,8.4,12.4,0.8,2.6,0,0,0.4,0.6,1
PL-019,2025-08-24,2025-26,Fulham,Manchester Utd,1,1,1.43,1.15,1.34,1.77,0.6,1.6,53.6,49,9.4,12,1.6,2.8,0,0.4,0.2,0.4,0
PL-020,2025-08-25,2025-26,Newcastle United,Liverpool,2,3,1.54,1.56,2.12,1.16,1.2,1.4,50.2,58.5,11.2,11,2.4,1.2,0.2,0,0.4,0.4,-1
PL-021,2025-08-30,2025-26,Chelsea,Fulham,2,0,1.83,1.43,1.09,1.34,0.8,0.6,56.7,53.6,9.4,9.4,2,1.6,0,0,0.2,0.2,1
PL-022,2025-08-30,2025-26,Wolves,Everton,2,3,0.79,1.09,2,1.67,1.2,1.6,44.7,43.2,11.2,8.4,2.4,0.8,0,0,0.4,0.4,-1
PL-023,2025-08-30,2025-26,Manchester Utd,Burnley,3,2,1.15,0.89,1.77,2.08,1.6,0.4,49,45.2,12,10.2,2.8,1.6,0.4,0.2,0.4,0,1
PL-024,2025-08-30,2025-26,Sunderland,Brentford,2,1,1.59,1.46,1.52,1.28,1.4,0.8,44,49.3,14,9,3.2,0.6,0,0,0.6,0,1
PL-025,2025-08-30,2025-26,Tottenham Hotspur,Bournemouth,0,1,1.2,2.17,1.53,1.48,0.8,1.2,44.9,51.7,13.8,10.8,2,2.2,0.2,0,0,0.4,-1
PL-026,2025-08-30,2025-26,Leeds United,Newcastle United,0,0,1.63,1.54,0.77,2.12,1,1.2,52.9,50.2,11.2,11.2,2,2.4,0.2,0.2,0.4,0.4,0
PL-027,2025-08-31,2025-26,Nottingham Forest,West Ham United,0,3,1.26,1.01,1.11,1.23,2,1.2,41.9,40,10,11.2,2,2,0,0,0.4,0.4,-1
PL-028,2025-08-31,2025-26,Brighton,Manchester City,2,1,1.5,1.85,0.9,1.16,1.4,1.8,53.3,66.2,12.4,8.4,2.6,1.6,0,0,0.6,0.6,1
PL-029,2025-08-31,2025-26,Liverpool,Arsenal,1,0,1.56,1.65,1.16,1.11,1.4,1.4,58.5,48.1,11,11.6,1.2,1,0,0,0.4,0.6,1
PL-030,31/08/2025,2025-26,Aston Villa,Crystal Palace,0,3,1.46,1.18,1.86,1.3,1.8,1.2,51.5,52.2,7.8,13.6,1.6,1.6,0,0.2,0.4,0.4,-1
PL-031,2025-09-13,2025-26,Arsenal,Nottingham Forest,3,0,1.65,1.26,1.11,1.11,1.4,2,48.1,41.9,11.6,10,1,2,0,0,0.6,0.4,1
PL-032,2025-09-13,2025-26,Newcastle United,Wolves,1,0,1.54,0.79,2.12,2,1.2,1.2,50.2,44.7,11.2,11.2,2.4,2.4,0.2,0,0.4,0.4,1
PL-033,2025-09-13,2025-26,Fulham,Leeds United,1,0,1.43,1.63,1.34,0.77,0.6,1,53.6,52.9,9.4,11.2,1.6,2,0,0.2,0.2,0.4,1
PL-034,2025-09-13,2025-26,Crystal Palace,Sunderland,0,0,1.18,1.59,1.3,1.52,1.2,1.4,52.2,44,13.6,14,1.6,3.2,0.2,0,0.4,0.6,0
PL-035,2025-09-13,2025-26,Everton,Aston Villa,0,0,1.09,1.46,1.67,1.86,1.6,1.8,43.2,51.5,8.4,7.8,0.8,1.6,0,0,0.4,0.4,0
PL-036,2025-09-13,2025-26,Bournemouth,Brighton,2,1,2.17,1.5,1.48,0.9,1.2,1.4,51.7,53.3,10.8,12.4,2.2,2.6,0,0,0.4,0.6,1
PL-037,2025-09-13,2025-26,West Ham United,Tottenham Hotspur,0,3,1.01,1.2,1.23,1.53,1.2,0.8,40,44.9,11.2,13.8,2,2,0,0.2,0.4,0,-1
PL-038,2025-09-13,2025-26,Brentford,Chelsea,2,2,1.46,1.83,1.28,1.09,0.8,0.8,49.3,56.7,9,9.4,0.6,2,0,0,0,0.2,0
PL-039,2025-09-14,2025-26,Burnley,Liverpool,0,1,0.89,1.56,2.08,1.16,0.4,1.4,45.2,58.5,10.2,11,1.6,1.2,0.2,0,0,0.4,-1
PL-040,2025-09-14,2025-26,Manchester City,Manchester Utd,3,0,1.85,1.15,1.16,1.77,1.8,1.6,66.2,49,8.4,12,1.6,2.8,0,0.4,0.6,0.4,1
PL-041,2025-09-20,2025-26,Liverpool,Everton,2,1,1.56,1.09,1.16,1.67,1.4,1.6,58.5,43.2,11,8.4,1.2,0.8,0,0,0.4,0.4,1
PL-042,2025-09-20,2025-26,Wolves,Leeds United,1,3,0.79,1.63,2,0.77,1.2,1,44.7,52.9,11.2,11.2,2.4,2,0,0.2,0.4,0.4,-1
PL-043,2025-09-20,2025-26,Brighton,Tottenham Hotspur,2,2,1.5,1.2,0.9,1.53,1.4,0.8,53.3,44.9,12.4,13.8,2.6,2,0,0.2,0.6,0,0
PL-044,2025-09-20,2025-26,Burnley,Nottingham Forest,1,1,0.89,1.26,2.08,1.11,0.4,2,45.2,41.9,10.2,10,1.6,2,0.2,0,0,0.4,0
PL-045,2025-09-20,2025-26,West Ham United,Crystal Palace,1,2,1.01,1.18,1.23,1.3,1.2,1.2,40,52.2,11.2,13.6,2,1.6,0,0.2,0.4,0.4,-1
PL-046,2025-09-20,2025-26,Manchester Utd,Chelsea,2,1,1.15,1.83,1.77,1.09,1.6,0.8,49,56.7,12,9.4,2.8,2,0.4,0,0.4,0.2,1
PL-047,2025-09-20,2025-26,Fulham,Brentford,3,1,1.43,1.46,1.34,1.28,0.6,0.8,53.6,49.3,9.4,9,1.6,0.6,0,0,0.2,0,1
PL-048,21/09/2025,2025-26,Bournemouth,Newcastle United,0,0,2.17,1.54,1.48,2.12,1.2,1.2,51.7,50.2,10.8,11.2,2.2,2.4,0,0.2,0.4,0.4,0
PL-049,2025-09-21,2025-26,Sunderland,Aston Villa,1,1,1.59,1.46,1.52,1.86,1.4,1.8,44,51.5,14,7.8,3.2,1.6,0,0,0.6,0.4,0
PL-050,2025-09-21,2025-26,Arsenal,Manchester City,1,1,1.65,1.85,1.11,1.16,1.4,1.8,48.1,66.2,11.6,8.4,1,1.6,0,0,0.6,0.6,0
PL-051,2025-09-27,2025-26,Brentford,Manchester Utd,3,1,1.46,1.15,1.28,1.77,0.8,1.6,49.3,49,9,12,0.6,2.8,0,0.4,0,0.4,1
PL-052,2025-09-27,2025-26,Crystal Palace,Liverpool,2,1,1.18,1.56,1.3,1.16,1.2,1.4,52.2,58.5,13.6,11,1.6,1.2,0.2,0,0.4,0.4,1
PL-053,2025-09-27,2025-26,Manchester City,Burnley,5,1,1.85,0.89,1.16,2.08,1.8,0.4,66.2,45.2,8.4,10.2,1.6,1.6,0,0.2,0.6,0,1
PL-054,2025-09-27,2025-26,Chelsea,Brighton,1,3,1.83,1.5,1.09,0.9,0.8,1.4,56.7,53.3,9.4,12.4,2,2.6,0,0,0.2,0.6,-1
PL-055,2025-09-27,2025-26,Leeds United,Bournemouth,2,2,1.63,2.17,0.77,1.48,1,1.2,52.9,51.7,11.2,10.8,2,2.2,0.2,0,0.4,0.4,0
PL-056,2025-09-27,2025-26,Nottingham Forest,Sunderland,0,1,1.26,1.59,1.11,1.52,2,1.4,41.9,44,10,14,2,3.2,0,0,0.4,0.6,-1
PL-057,2025-09-27,2025-26,Tottenham Hotspur,Wolves,1,1,1.2,0.79,1.53,2,0.8,1.2,44.9,44.7,13.8,11.2,2,2.4,0.2,0,0,0.4,0
PL-058,2025-09-28,2025-26,Aston Villa,Fulham,3,1,1.46,1.43,1.86,1.34,1.8,0.6,51.5,53.6,7.8,9.4,1.6,1.6,0,0,0.4,0.2,1
PL-059,2025-09-28,2025-26,Newcastle United,Arsenal,1,2,1.54,1.65,2.12,1.11,1.2,1.4,50.2,48.1,11.2,11.6,2.4,1,0.2,0,0.4,0.6,-1
PL-060,2025-09-29,2025-26,Everton,West Ham United,1,1,1.09,1.01,1.67,1.23,1.6,1.2,43.2,40,8.4,11.2,0.8,2,0,0,0.4,0.4,0
PL-061,2025-10-03,2025-26,Bournemouth,Fulham,3,1,2.17,1.43,1.48,1.34,1.2,0.6,51.7,53.6,10.8,9.4,2.2,1.6,0,0,0.4,0.2,1
PL-062,2025-10-04,2025-26,Leeds United,Tottenham Hotspur,1,2,1.63,1.2,0.77,1.53,1,0.8,52.9,44.9,11.2,13.8,2,2,0.2,0.2,0.4,0,-1
PL-063,2025-10-04,2025-26,Arsenal,West Ham United,2,0,1.65,1.01,1.11,1.23,1.4,1.2,48.1,40,11.6,11.2,1,2,0,0,0.6,0.4,1
PL-064,2025-10-04,2025-26,Manchester Utd,Sunderland,2,0,1.15,1.59,1.77,1.52,1.6,1.4,49,44,12,14,2.8,3.2,0.4,0,0.4,0.6,1
PL-065,2025-10-04,2025-26,Chelsea,Liverpool,2,1,1.83,1.56,1.09,1.16,0.8,1.4,56.7,58.5,9.4,11,2,1.2,0,0,0.2,0.4,1
PL-066,2025-10-05,2025-26,Wolves,Brighton,1,1,0.79,1.5,2,0.9,1.2,1.4,44.7,53.3,11.2,12.4,2.4,2.6,0,0,0.4,0.6,0
PL-067,2025-10-05,2025-26,Everton,Crystal Palace,2,1,1.09,1.18,1.67,1.3,1.6,1.2,43.2,52.2,8.4,13.6,0.8,1.6,0,0.2,0.4,0.4,1
PL-068,2025-10-05,2025-26,Aston Villa,Burnley,2,1,1.46,0.89,1.86,2.08,1.8,0.4,51.5,45.2,7.8,10.2,1.6,1.6,0,0.2,0.4,0,1
PL-069,2025-10-05,2025-26,Newcastle United,Nottingham Forest,2,0,1.54,1.26,2.12,1.11,1.2,2,50.2,41.9,11.2,10,2.4,2,0.2,0,0.4,0.4,1
PL-070,2025-10-05,2025-26,Brentford,Manchester City,0,1,1.46,1.85,1.28,1.16,0.8,1.8,49.3,66.2,9,8.4,0.6,1.6,0,0,0,0.6,-1
PL-071,2025-10-18,2025-26,Nottingham Forest,Chelsea,0,3,1.26,1.83,1.11,1.09,2,0.8,41.9,56.7,10,9.4,2,2,0,0,0.4,0.2,-1
PL-072,2025-10-18,2025-26,Sunderland,Wolves,2,0,1.59,0.79,1.52,2,1.4,1.2,44,44.7,14,11.2,3.2,2.4,0,0,0.6,0.4,1
PL-073,2025-10-18,2025-26,Burnley,Leeds United,2,0,0.89,1.63,2.08,0.77,0.4,1,45.2,52.9,10.2,11.2,1.6,2,0.2,0.2,0,0.4,1
PL-074,2025-10-18,2025-26,Brighton,Newcastle United,2,1,1.5,1.54,0.9,2.12,1.4,1.2,53.3,50.2,12.4,11.2,2.6,2.4,0,0.2,0.6,0.4,1
PL-075,2025-10-18,2025-26,Crystal Palace,Bournemouth,3,3,1.18,2.17,1.3,1.48,1.2,1.2,52.2,51.7,13.6,10.8,1.6,2.2,0.2,0,0.4,0.4,0
PL-076,2025-10-18,2025-26,Manchester City,Everton,2,0,1.85,1.09,1.16,1.67,1.8,1.6,66.2,43.2,8.4,8.4,1.6,0.8,0,0,0.6,0.4,1
PL-077,2025-10-18,2025-26,Fulham,Arsenal,0,1,1.43,1.65,1.34,1.11,0.6,1.4,53.6,48.1,9.4,11.6,1.6,1,0,0,0.2,0.6,-1
PL-078,19/10/2025,2025-26,Tottenham Hotspur,Aston Villa,1,2,1.2,1.46,1.53,1.86,0.8,1.8,44.9,51.5,13.8,7.8,2,1.6,0.2,0,0,0.4,-1
PL-079,2025-10-19,2025-26,Liverpool,Manchester Utd,1,2,1.56,1.15,1.16,1.77,1.4,1.6,58.5,49,11,12,1.2,2.8,0,0.4,0.4,0.4,-1
PL-080,2025-10-20,2025-26,West Ham United,Brentford,0,2,1.01,1.46,1.23,1.28,1.2,0.8,40,49.3,11.2,9,2,0.6,0,0,0.4,0,-1
PL-081,2025-10-24,2025-26,Leeds United,West Ham United,2,1,1.63,1.01,0.77,1.23,1,1.2,52.9,40,11.2,11.2,2,2,0.2,0,0.4,0.4,1
PL-082,2025-10-25,2025-26,Newcastle United,Fulham,2,1,1.54,1.43,2.12,1.34,1.2,0.6,50.2,53.6,11.2,9.4,2.4,1.6,0.2,0,0.4,0.2,1
PL-083,2025-10-25,2025-26,Chelsea,Sunderland,1,2,1.83,1.59,1.09,1.52,0.8,1.4,56.7,44,9.4,14,2,3.2,0,0,0.2,0.6,-1
PL-084,2025-10-25,2025-26,Manchester Utd,Brighton,4,2,1.15,1.5,1.77,0.9,1.6,1.4,49,53.3,12,12.4,2.8,2.6,0.4,0,0.4,0.6,1
PL-085,2025-10-25,2025-26,Brentford,Liverpool,3,2,1.46,1.56,1.28,1.16,0.8,1.4,49.3,58.5,9,11,0.6,1.2,0,0,0,0.4,1
PL-086,2025-10-26,2025-26,Arsenal,Crystal Palace,1,0,1.65,1.18,1.11,1.3,1.4,1.2,48.1,52.2,11.6,13.6,1,1.6,0,0.2,0.6,0.4,1
PL-087,2025-10-26,2025-26,Aston Villa,Manchester City,1,0,1.46,1.85,1.86,1.16,1.8,1.8,51.5,66.2,7.8,8.4,1.6,1.6,0,0,0.4,0.6,1
PL-088,2025-10-26,2025-26,Wolves,Burnley,2,3,0.79,0.89,2,2.08,1.2,0.4,44.7,45.2,11.2,10.2,2.4,1.6,0,0.2,0.4,0,-1
PL-089,2025-10-26,2025-26,Bournemouth,Nottingham Forest,2,0,2.17,1.26,1.48,1.11,1.2,2,51.7,41.9,10.8,10,2.2,2,0,0,0.4,0.4,1
PL-090,2025-10-26,2025-26,Everton,Tottenham Hotspur,0,3,1.09,1.2,1.67,1.53,1.6,0.8,43.2,44.9,8.4,13.8,0.8,2,0,0.2,0.4,0,-1
PL-091,2025-11-01,2025-26,Crystal Palace,Brentford,2,0,1.18,1.46,1.3,1.28,1.2,0.8,52.2,49.3,13.6,9,1.6,0.6,0.2,0,0.4,0,1
PL-092,2025-11-01,2025-26,Nottingham Forest,Manchester Utd,2,2,1.26,1.15,1.11,1.77,2,1.6,41.9,49,10,12,2,2.8,0,0.4,0.4,0.4,0
PL-093,2025-11-01,2025-26,Fulham,Wolves,3,0,1.43,0.79,1.34,2,0.6,1.2,53.6,44.7,9.4,11.2,1.6,2.4,0,0,0.2,0.4,1
PL-094,2025-11-01,2025-26,Burnley,Arsenal,0,2,0.89,1.65,2.08,1.11,0.4,1.4,45.2,48.1,10.2,11.6,1.6,1,0.2,0,0,0.6,-1
PL-095,2025-11-01,2025-26,Brighton,Leeds United,3,0,1.5,1.63,0.9,0.77,1.4,1,53.3,52.9,12.4,11.2,2.6,2,0,0.2,0.6,0.4,1
PL-096,2025-11-01,2025-26,Tottenham Hotspur,Chelsea,0,1,1.2,1.83,1.53,1.09,0.8,0.8,44.9,56.7,13.8,9.4,2,2,0.2,0,0,0.2,-1
PL-097,2025-11-01,2025-26,Liverpool,Aston Villa,2,0,1.56,1.46,1.16,1.86,1.4,1.8,58.5,51.5,11,7.8,1.2,1.6,0,0,0.4,0.4,1
PL-098,2025-11-02,2025-26,West Ham United,Newcastle United,3,1,1.01,1.54,1.23,2.12,1.2,1.2,40,50.2,11.2,11.2,2,2.4,0,0.2,0.4,0.4,1
PL-099,2025-11-02,2025-26,Manchester City,Bournemouth,3,1,1.85,2.17,1.16,1.48,1.8,1.2,66.2,51.7,8.4,10.8,1.6,2.2,0,0,0.6,0.4,1
PL-100,2025-11-03,2025-26,Sunderland,Everton,1,1,1.59,1.09,1.52,1.67,1.4,1.6,44,43.2,14,8.4,3.2,0.8,0,0,0.6,0.4,0
PL-101,2025-11-08,2025-26,Tottenham Hotspur,Manchester Utd,2,2,1.2,1.15,1.53,1.77,0.8,1.6,44.9,49,13.8,12,2,2.8,0.2,0.4,0,0.4,0
PL-102,2025-11-08,2025-26,West Ham United,Burnley,3,2,1.01,0.89,1.23,2.08,1.2,0.4,40,45.2,11.2,10.2,2,1.6,0,0.2,0.4,0,1
PL-103,2025-11-08,2025-26,Everton,Fulham,2,0,1.09,1.43,1.67,1.34,1.6,0.6,43.2,53.6,8.4,9.4,0.8,1.6,0,0,0.4,0.2,1
PL-104,2025-11-08,2025-26,Sunderland,Arsenal,2,2,1.59,1.65,1.52,1.11,1.4,1.4,44,48.1,14,11.6,3.2,1,0,0,0.6,0.6,0
PL-105,2025-11-08,2025-26,Chelsea,Wolves,3,0,1.83,0.79,1.09,2,0.8,1.2,56.7,44.7,9.4,11.2,2,2.4,0,0,0.2,0.4,1
PL-106,2025-11-09,2025-26,Aston Villa,Bournemouth,4,0,1.46,2.17,1.86,1.48,1.8,1.2,51.5,51.7,7.8,10.8,1.6,2.2,0,0,0.4,0.4,1
PL-107,2025-11-09,2025-26,Nottingham Forest,Leeds United,3,1,1.26,1.63,1.11,0.77,2,1,41.9,52.9,10,11.2,2,2,0,0.2,0.4,0.4,1
PL-108,2025-11-09,2025-26,Crystal Palace,Brighton,0,0,1.18,1.5,1.3,0.9,1.2,1.4,52.2,53.3,13.6,12.4,1.6,2.6,0.2,0,0.4,0.6,0
PL-109,2025-11-09,2025-26,Brentford,Newcastle United,3,1,1.46,1.54,1.28,2.12,0.8,1.2,49.3,50.2,9,11.2,0.6,2.4,0,0.2,0,0.4,1
PL-110,2025-11-09,2025-26,Manchester City,Liverpool,3,0,1.85,1.56,1.16,1.16,1.8,1.4,66.2,58.5,8.4,11,1.6,1.2,0,0,0.6,0.4,1
PL-111,2025-11-22,2025-26,Burnley,Chelsea,0,2,0.89,1.83,2.08,1.09,0.4,0.8,45.2,56.7,10.2,9.4,1.6,2,0.2,0,0,0.2,-1
PL-112,2025-11-22,2025-26,Bournemouth,West Ham United,2,2,2.17,1.01,1.48,1.23,1.2,1.2,51.7,40,10.8,11.2,2.2,2,0,0,0.4,0.4,0
PL-113,2025-11-22,2025-26,Fulham,Sunderland,1,0,1.43,1.59,1.34,1.52,0.6,1.4,53.6,44,9.4,14,1.6,3.2,0,0,0.2,0.6,1
PL-114,2025-11-22,2025-26,Wolves,Crystal Palace,0,2,0.79,1.18,2,1.3,1.2,1.2,44.7,52.2,11.2,13.6,2.4,1.6,0,0.2,0.4,0.4,-1
PL-115,2025-11-22,2025-26,Liverpool,Nottingham Forest,0,3,1.56,1.26,1.16,1.11,1.4,2,58.5,41.9,11,10,1.2,2,0,0,0.4,0.4,-1
PL-116,2025-11-22,2025-26,Brighton,Brentford,2,1,1.5,1.46,0.9,1.28,1.4,0.8,53.3,49.3,12.4,9,2.6,0.6,0,0,0.6,0,1
PL-117,2025-11-22,2025-26,Newcastle United,Manchester City,2,1,1.54,1.85,2.12,1.16,1.2,1.8,50.2,66.2,11.2,8.4,2.4,1.6,0.2,0,0.4,0.6,1
PL-118,23/11/2025,2025-26,Leeds United,Aston Villa,1,2,1.63,1.46,0.77,1.86,1,1.8,52.9,51.5,11.2,7.8,2,1.6,0.2,0,0.4,0.4,-1
PL-119,2025-11-23,2025-26,Arsenal,Tottenham Hotspur,4,1,1.65,1.2,1.11,1.53,1.4,0.8,48.1,44.9,11.6,13.8,1,2,0,0.2,0.6,0,1
PL-120,2025-11-24,2025-26,Manchester Utd,Everton,0,1,1.15,1.09,1.77,1.67,1.6,1.6,49,43.2,12,8.4,2.8,0.8,0.4,0,0.4,0.4,-1
PL-121,2025-11-29,2025-26,Sunderland,Bournemouth,3,2,1.59,2.17,1.52,1.48,1.4,1.2,44,51.7,14,10.8,3.2,2.2,0,0,0.6,0.4,1
PL-122,2025-11-29,2025-26,Brentford,Burnley,3,1,1.46,0.89,1.28,2.08,0.8,0.4,49.3,45.2,9,10.2,0.6,1.6,0,0.2,0,0,1
PL-123,2025-11-29,2025-26,Manchester City,Leeds United,3,2,1.85,1.63,1.16,0.77,1.8,1,66.2,52.9,8.4,11.2,1.6,2,0,0.2,0.6,0.4,1
PL-124,2025-11-29,2025-26,Everton,Newcastle United,1,4,1.09,1.54,1.67,2.12,1.6,1.2,43.2,50.2,8.4,11.2,0.8,2.4,0,0.2,0.4,0.4,-1
PL-125,2025-11-29,2025-26,Tottenham Hotspur,Fulham,1,2,1.2,1.43,1.53,1.34,0.8,0.6,44.9,53.6,13.8,9.4,2,1.6,0.2,0,0,0.2,-1
PL-126,2025-11-30,2025-26,Crystal Palace,Manchester Utd,1,2,1.18,1.15,1.3,1.77,1.2,1.6,52.2,49,13.6,12,1.6,2.8,0.2,0.4,0.4,0.4,-1
PL-127,2025-11-30,2025-26,Nottingham Forest,Brighton,0,2,1.26,1.5,1.11,0.9,2,1.4,41.9,53.3,10,12.4,2,2.6,0,0,0.4,0.6,-1
PL-128,2025-11-30,2025-26,Aston Villa,Wolves,1,0,1.46,0.79,1.86,2,1.8,1.2,51.5,44.7,7.8,11.2,1.6,2.4,0,0,0.4,0.4,1
PL-129,2025-11-30,2025-26,West Ham United,Liverpool,0,2,1.01,1.56,1.23,1.16,1.2,1.4,40,58.5,11.2,11,2,1.2,0,0,0.4,0.4,-1
PL-130,2025-11-30,2025-26,Chelsea,Arsenal,1,1,1.83,1.65,1.09,1.11,0.8,1.4,56.7,48.1,9.4,11.6,2,1,0,0,0.2,0.6,0
PL-131,2025-12-02,2025-26,Bournemouth,Everton,0,1,2.17,1.09,1.48,1.67,1.2,1.6,51.7,43.2,10.8,8.4,2.2,0.8,0,0,0.4,0.4,-1
PL-132,2025-12-02,2025-26,Fulham,Manchester City,4,5,1.43,1.85,1.34,1.16,0.6,1.8,53.6,66.2,9.4,8.4,1.6,1.6,0,0,0.2,0.6,-1
PL-133,2025-12-02,2025-26,Newcastle United,Tottenham Hotspur,2,2,1.54,1.2,2.12,1.53,1.2,0.8,50.2,44.9,11.2,13.8,2.4,2,0.2,0.2,0.4,0,0
PL-134,2025-12-03,2025-26,Burnley,Crystal Palace,0,1,0.89,1.18,2.08,1.3,0.4,1.2,45.2,52.2,10.2,13.6,1.6,1.6,0.2,0.2,0,0.4,-1
PL-135,2025-12-03,2025-26,Wolves,Nottingham Forest,0,1,0.79,1.26,2,1.11,1.2,2,44.7,41.9,11.2,10,2.4,2,0,0,0.4,0.4,-1
PL-136,2025-12-03,2025-26,Arsenal,Brentford,2,0,1.65,1.46,1.11,1.28,1.4,0.8,48.1,49.3,11.6,9,1,0.6,0,0,0.6,0,1
PL-137,2025-12-03,2025-26,Brighton,Aston Villa,3,4,1.5,1.46,0.9,1.86,1.4,1.8,53.3,51.5,12.4,7.8,2.6,1.6,0,0,0.6,0.4,-1
PL-138,2025-12-03,2025-26,Liverpool,Sunderland,1,1,1.56,1.59,1.16,1.52,1.4,1.4,58.5,44,11,14,1.2,3.2,0,0,0.4,0.6,0
PL-139,03/12/2025,2025-26,Leeds United,Chelsea,3,1,1.63,1.83,0.77,1.09,1,0.8,52.9,56.7,11.2,9.4,2,2,0.2,0,0.4,0.2,1
PL-140,2025-12-04,2025-26,Manchester Utd,West Ham United,1,1,1.15,1.01,1.77,1.23,1.6,1.2,49,40,12,11.2,2.8,2,0.4,0,0.4,0.4,0
PL-141,2025-12-06,2025-26,Aston Villa,Arsenal,2,1,1.46,1.65,1.86,1.11,1.8,1.4,51.5,48.1,7.8,11.6,1.6,1,0,0,0.4,0.6,1
PL-142,2025-12-06,2025-26,Newcastle United,Burnley,2,1,1.54,0.89,2.12,2.08,1.2,0.4,50.2,45.2,11.2,10.2,2.4,1.6,0.2,0.2,0.4,0,1
PL-143,2025-12-06,2025-26,Manchester City,Sunderland,3,0,1.85,1.59,1.16,1.52,1.8,1.4,66.2,44,8.4,14,1.6,3.2,0,0,0.6,0.6,1
PL-144,2025-12-06,2025-26,Tottenham Hotspur,Brentford,2,0,1.2,1.46,1.53,1.28,0.8,0.8,44.9,49.3,13.8,9,2,0.6,0.2,0,0,0,1
PL-145,2025-12-06,2025-26,Bournemouth,Chelsea,0,0,2.17,1.83,1.48,1.09,1.2,0.8,51.7,56.7,10.8,9.4,2.2,2,0,0,0.4,0.2,0
PL-146,2025-12-06,2025-26,Everton,Nottingham Forest,3,0,1.09,1.26,1.67,1.11,1.6,2,43.2,41.9,8.4,10,0.8,2,0,0,0.4,0.4,1
PL-147,2025-12-06,2025-26,Leeds United,Liverpool,3,3,1.63,1.56,0.77,1.16,1,1.4,52.9,58.5,11.2,11,2,1.2,0.2,0,0.4,0.4,0
PL-148,2025-12-07,2025-26,Brighton,West Ham United,1,1,1.5,1.01,0.9,1.23,1.4,1.2,53.3,40,12.4,11.2,2.6,2,0,0,0.6,0.4,0
PL-149,2025-12-07,2025-26,Fulham,Crystal Palace,1,2,1.43,1.18,1.34,1.3,0.6,1.2,53.6,52.2,9.4,13.6,1.6,1.6,0,0.2,0.2,0.4,-1
PL-150,2025-12-08,2025-26,Wolves,Manchester Utd,1,4,0.79,1.15,2,1.77,1.2,1.6,44.7,49,11.2,12,2.4,2.8,0,0.4,0.4,0.4,-1
PL-151,2025-12-13,2025-26,Liverpool,Brighton,2,0,1.56,1.5,1.16,0.9,1.4,1.4,58.5,53.3,11,12.4,1.2,2.6,0,0,0.4,0.6,1
PL-152,2025-12-13,2025-26,Chelsea,Everton,2,0,1.83,1.09,1.09,1.67,0.8,1.6,56.7,43.2,9.4,8.4,2,0.8,0,0,0.2,0.4,1
PL-153,2025-12-13,2025-26,Burnley,Fulham,2,3,0.89,1.43,2.08,1.34,0.4,0.6,45.2,53.6,10.2,9.4,1.6,1.6,0.2,0,0,0.2,-1
PL-154,2025-12-13,2025-26,Arsenal,Wolves,2,1,1.65,0.79,1.11,2,1.4,1.2,48.1,44.7,11.6,11.2,1,2.4,0,0,0.6,0.4,1
PL-155,2025-12-14,2025-26,Crystal Palace,Manchester City,0,3,1.18,1.85,1.3,1.16,1.2,1.8,52.2,66.2,13.6,8.4,1.6,1.6,0.2,0,0.4,0.6,-1
PL-156,2025-12-14,2025-26,Sunderland,Newcastle United,1,0,1.59,1.54,1.52,2.12,1.4,1.2,44,50.2,14,11.2,3.2,2.4,0,0.2,0.6,0.4,1
PL-157,2025-12-14,2025-26,West Ham United,Aston Villa,2,3,1.01,1.46,1.23,1.86,1.2,1.8,40,51.5,11.2,7.8,2,1.6,0,0,0.4,0.4,-1
PL-158,2025-12-14,2025-26,Nottingham Forest,Tottenham Hotspur,3,0,1.26,1.2,1.11,1.53,2,0.8,41.9,44.9,10,13.8,2,2,0,0.2,0.4,0,1
PL-159,2025-12-14,2025-26,Brentford,Leeds United,1,1,1.46,1.63,1.28,0.77,0.8,1,49.3,52.9,9,11.2,0.6,2,0,0.2,0,0.4,0
PL-160,2025-12-15,2025-26,Manchester Utd,Bournemouth,4,4,1.15,2.17,1.77,1.48,1.6,1.2,49,51.7,12,10.8,2.8,2.2,0.4,0,0.4,0.4,0
PL-161,2025-12-20,2025-26,Newcastle United,Chelsea,2,2,1.54,1.83,2.12,1.09,1.2,0.8,50.2,56.7,11.2,9.4,2.4,2,0.2,0,0.4,0.2,0
PL-162,2025-12-20,2025-26,Brighton,Sunderland,0,0,1.5,1.59,0.9,1.52,1.4,1.4,53.3,44,12.4,14,2.6,3.2,0,0,0.6,0.6,0
PL-163,2025-12-20,2025-26,Wolves,Brentford,0,2,0.79,1.46,2,1.28,1.2,0.8,44.7,49.3,11.2,9,2.4,0.6,0,0,0.4,0,-1
PL-164,2025-12-20,2025-26,Manchester City,West Ham United,3,0,1.85,1.01,1.16,1.23,1.8,1.2,66.2,40,8.4,11.2,1.6,2,0,0,0.6,0.4,1
PL-165,2025-12-20,2025-26,Bournemouth,Burnley,1,1,2.17,0.89,1.48,2.08,1.2,0.4,51.7,45.2,10.8,10.2,2.2,1.6,0,0.2,0.4,0,0
PL-166,2025-12-20,2025-26,Tottenham Hotspur,Liverpool,1,2,1.2,1.56,1.53,1.16,0.8,1.4,44.9,58.5,13.8,11,2,1.2,0.2,0,0,0.4,-1
PL-167,2025-12-20,2025-26,Everton,Arsenal,0,1,1.09,1.65,1.67,1.11,1.6,1.4,43.2,48.1,8.4,11.6,0.8,1,0,0,0.4,0.6,-1
PL-168,2025-12-20,2025-26,Leeds United,Crystal Palace,4,1,1.63,1.18,0.77,1.3,1,1.2,52.9,52.2,11.2,13.6,2,1.6,0.2,0.2,0.4,0.4,1
PL-169,2025-12-21,2025-26,Aston Villa,Manchester Utd,2,1,1.46,1.15,1.86,1.77,1.8,1.6,51.5,49,7.8,12,1.6,2.8,0,0.4,0.4,0.4,1
PL-170,2025-12-22,2025-26,Fulham,Nottingham Forest,1,0,1.43,1.26,1.34,1.11,0.6,2,53.6,41.9,9.4,10,1.6,2,0,0,0.2,0.4,1
PL-171,2025-12-26,2025-26,Manchester Utd,Newcastle United,1,0,1.15,1.54,1.77,2.12,1.6,1.2,49,50.2,12,11.2,2.8,2.4,0.4,0.2,0.4,0.4,1
PL-172,2025-12-27,2025-26,Nottingham Forest,Manchester City,1,2,1.26,1.85,1.11,1.16,2,1.8,41.9,66.2,10,8.4,2,1.6,0,0,0.4,0.6,-1
PL-173,2025-12-27,2025-26,Liverpool,Wolves,2,1,1.56,0.79,1.16,2,1.4,1.2,58.5,44.7,11,11.2,1.2,2.4,0,0,0.4,0.4,1
PL-174,2025-12-27,2025-26,West Ham United,Fulham,0,1,1.01,1.43,1.23,1.34,1.2,0.6,40,53.6,11.2,9.4,2,1.6,0,0,0.4,0.2,-1
PL-175,2025-12-27,2025-26,Arsenal,Brighton,2,1,1.65,1.5,1.11,0.9,1.4,1.4,48.1,53.3,11.6,12.4,1,2.6,0,0,0.6,0.6,1
PL-176,2025-12-27,2025-26,Burnley,Everton,0,0,0.89,1.09,2.08,1.67,0.4,1.6,45.2,43.2,10.2,8.4,1.6,0.8,0.2,0,0,0.4,0
PL-177,2025-12-27,2025-26,Brentford,Bournemouth,4,1,1.46,2.17,1.28,1.48,0.8,1.2,49.3,51.7,9,10.8,0.6,2.2,0,0,0,0.4,1
PL-178,2025-12-27,2025-26,Chelsea,Aston Villa,1,2,1.83,1.46,1.09,1.86,0.8,1.8,56.7,51.5,9.4,7.8,2,1.6,0,0,0.2,0.4,-1
PL-179,28/12/2025,2025-26,Sunderland,Leeds United,1,1,1.59,1.63,1.52,0.77,1.4,1,44,52.9,14,11.2,3.2,2,0,0.2,0.6,0.4,0
PL-180,2025-12-28,2025-26,Crystal Palace,Tottenham Hotspur,0,1,1.18,1.2,1.3,1.53,1.2,0.8,52.2,44.9,13.6,13.8,1.6,2,0.2,0.2,0.4,0,-1
PL-181,2025-12-30,2025-26,West Ham United,Brighton,2,2,1.01,1.5,1.23,0.9,1.2,1.4,40,53.3,11.2,12.4,2,2.6,0,0,0.4,0.6,0
PL-182,2025-12-30,2025-26,Nottingham Forest,Everton,0,2,1.26,1.09,1.11,1.67,2,1.6,41.9,43.2,10,8.4,2,0.8,0,0,0.4,0.4,-1
PL-183,2025-12-30,2025-26,Burnley,Newcastle United,1,3,0.89,1.54,2.08,2.12,0.4,1.2,45.2,50.2,10.2,11.2,1.6,2.4,0.2,0.2,0,0.4,-1
PL-184,2025-12-30,2025-26,Chelsea,Bournemouth,2,2,1.83,2.17,1.09,1.48,0.8,1.2,56.7,51.7,9.4,10.8,2,2.2,0,0,0.2,0.4,0
PL-185,2025-12-30,2025-26,Manchester Utd,Wolves,1,1,1.15,0.79,1.77,2,1.6,1.2,49,44.7,12,11.2,2.8,2.4,0.4,0,0.4,0.4,0
PL-186,2025-12-30,2025-26,Arsenal,Aston Villa,4,1,1.65,1.46,1.11,1.86,1.4,1.8,48.1,51.5,11.6,7.8,1,1.6,0,0,0.6,0.4,1
PL-187,2026-01-01,2025-26,Liverpool,Leeds United,0,0,1.56,1.63,1.16,0.77,1.4,1,58.5,52.9,11,11.2,1.2,2,0,0.2,0.4,0.4,0
PL-188,2026-01-01,2025-26,Crystal Palace,Fulham,1,1,1.18,1.43,1.3,1.34,1.2,0.6,52.2,53.6,13.6,9.4,1.6,1.6,0.2,0,0.4,0.2,0
PL-189,2026-01-01,2025-26,Brentford,Tottenham Hotspur,0,0,1.46,1.2,1.28,1.53,0.8,0.8,49.3,44.9,9,13.8,0.6,2,0,0.2,0,0,0
PL-190,2026-01-01,2025-26,Sunderland,Manchester City,0,0,1.59,1.85,1.52,1.16,1.4,1.8,44,66.2,14,8.4,3.2,1.6,0,0,0.6,0.6,0
PL-191,2026-01-03,2025-26,Aston Villa,Nottingham Forest,3,1,1.46,1.26,1.86,1.11,1.8,2,51.5,41.9,7.8,10,1.6,2,0,0,0.4,0.4,1
PL-192,2026-01-03,2025-26,Brighton,Burnley,2,0,1.5,0.89,0.9,2.08,1.4,0.4,53.3,45.2,12.4,10.2,2.6,1.6,0,0.2,0.6,0,1
PL-193,2026-01-03,2025-26,Wolves,West Ham United,3,0,0.79,1.01,2,1.23,1.2,1.2,44.7,40,11.2,11.2,2.4,2,0,0,0.4,0.4,1
PL-194,2026-01-03,2025-26,Bournemouth,Arsenal,2,3,2.17,1.65,1.48,1.11,1.2,1.4,51.7,48.1,10.8,11.6,2.2,1,0,0,0.4,0.6,-1
PL-195,04/01/2026,2025-26,Leeds United,Manchester Utd,1,1,1.63,1.15,0.77,1.77,1,1.6,52.9,49,11.2,12,2,2.8,0.2,0.4,0.4,0.4,0
PL-196,2026-01-04,2025-26,Everton,Brentford,2,4,1.09,1.46,1.67,1.28,1.6,0.8,43.2,49.3,8.4,9,0.8,0.6,0,0,0.4,0,-1
PL-197,2026-01-04,2025-26,Newcastle United,Crystal Palace,2,0,1.54,1.18,2.12,1.3,1.2,1.2,50.2,52.2,11.2,13.6,2.4,1.6,0.2,0.2,0.4,0.4,1
PL-198,2026-01-04,2025-26,Tottenham Hotspur,Sunderland,1,1,1.2,1.59,1.53,1.52,0.8,1.4,44.9,44,13.8,14,2,3.2,0.2,0,0,0.6,0
PL-199,2026-01-04,2025-26,Fulham,Liverpool,2,2,1.43,1.56,1.34,1.16,0.6,1.4,53.6,58.5,9.4,11,1.6,1.2,0,0,0.2,0.4,0
PL-200,2026-01-04,2025-26,Manchester City,Chelsea,1,1,1.85,1.83,1.16,1.09,1.8,0.8,66.2,56.7,8.4,9.4,1.6,2,0,0,0.6,0.2,0
PL-201,2026-01-06,2025-26,West Ham United,Nottingham Forest,1,2,1.01,1.26,1.23,1.11,1.2,2,40,41.9,11.2,10,2,2,0,0,0.4,0.4,-1
PL-202,2026-01-07,2025-26,Fulham,Chelsea,2,1,1.43,1.83,1.34,1.09,0.6,0.8,53.6,56.7,9.4,9.4,1.6,2,0,0,0.2,0.2,1
PL-203,2026-01-07,2025-26,Everton,Wolves,1,1,1.09,0.79,1.67,2,1.6,1.2,43.2,44.7,8.4,11.2,0.8,2.4,0,0,0.4,0.4,0
PL-204,2026-01-07,2025-26,Manchester City,Brighton,1,1,1.85,1.5,1.16,0.9,1.8,1.4,66.2,53.3,8.4,12.4,1.6,2.6,0,0,0.6,0.6,0
PL-205,2026-01-07,2025-26,Crystal Palace,Aston Villa,0,0,1.18,1.46,1.3,1.86,1.2,1.8,52.2,51.5,13.6,7.8,1.6,1.6,0.2,0,0.4,0.4,0
PL-206,2026-01-07,2025-26,Brentford,Sunderland,3,0,1.46,1.59,1.28,1.52,0.8,1.4,49.3,44,9,14,0.6,3.2,0,0,0,0.6,1
PL-207,2026-01-07,2025-26,Bournemouth,Tottenham Hotspur,3,2,2.17,1.2,1.48,1.53,1.2,0.8,51.7,44.9,10.8,13.8,2.2,2,0,0.2,0.4,0,1
PL-208,2026-01-07,2025-26,Burnley,Manchester Utd,2,2,0.89,1.15,2.08,1.77,0.4,1.6,45.2,49,10.2,12,1.6,2.8,0.2,0.4,0,0.4,0
PL-209,2026-01-07,2025-26,Newcastle United,Leeds United,4,3,1.54,1.63,2.12,0.77,1.2,1,50.2,52.9,11.2,11.2,2.4,2,0.2,0.2,0.4,0.4,1
PL-210,2026-01-08,2025-26,Arsenal,Liverpool,0,0,1.65,1.56,1.11,1.16,1.4,1.4,48.1,58.5,11.6,11,1,1.2,0,0,0.6,0.4,0
PL-211,2026-01-17,2025-26,Manchester Utd,Manchester City,2,0,1.15,1.85,1.77,1.16,1.6,1.8,49,66.2,12,8.4,2.8,1.6,0.4,0,0.4,0.6,1
PL-212,2026-01-17,2025-26,Chelsea,Brentford,2,0,1.83,1.46,1.09,1.28,0.8,0.8,56.7,49.3,9.4,9,2,0.6,0,0,0.2,0,1
PL-213,2026-01-17,2025-26,Liverpool,Burnley,1,1,1.56,0.89,1.16,2.08,1.4,0.4,58.5,45.2,11,10.2,1.2,1.6,0,0.2,0.4,0,0
PL-214,2026-01-17,2025-26,Tottenham Hotspur,West Ham United,1,2,1.2,1.01,1.53,1.23,0.8,1.2,44.9,40,13.8,11.2,2,2,0.2,0,0,0.4,-1
PL-215,2026-01-17,2025-26,Sunderland,Crystal Palace,2,1,1.59,1.18,1.52,1.3,1.4,1.2,44,52.2,14,13.6,3.2,1.6,0,0.2,0.6,0.4,1
PL-216,2026-01-17,2025-26,Leeds United,Fulham,1,0,1.63,1.43,0.77,1.34,1,0.6,52.9,53.6,11.2,9.4,2,1.6,0.2,0,0.4,0.2,1
PL-217,2026-01-17,2025-26,Nottingham Forest,Arsenal,0,0,1.26,1.65,1.11,1.11,2,1.4,41.9,48.1,10,11.6,2,1,0,0,0.4,0.6,0
PL-218,18/01/2026,2025-26,Wolves,Newcastle United,0,0,0.79,1.54,2,2.12,1.2,1.2,44.7,50.2,11.2,11.2,2.4,2.4,0,0.2,0.4,0.4,0
PL-219,2026-01-18,2025-26,Aston Villa,Everton,0,1,1.46,1.09,1.86,1.67,1.8,1.6,51.5,43.2,7.8,8.4,1.6,0.8,0,0,0.4,0.4,-1
PL-220,2026-01-19,2025-26,Brighton,Bournemouth,1,1,1.5,2.17,0.9,1.48,1.4,1.2,53.3,51.7,12.4,10.8,2.6,2.2,0,0,0.6,0.4,0
PL-221,2026-01-24,2025-26,West Ham United,Sunderland,3,1,1.01,1.59,1.23,1.52,1.2,1.4,40,44,11.2,14,2,3.2,0,0,0.4,0.6,1
PL-222,2026-01-24,2025-26,Burnley,Tottenham Hotspur,2,2,0.89,1.2,2.08,1.53,0.4,0.8,45.2,44.9,10.2,13.8,1.6,2,0.2,0.2,0,0,0
PL-223,2026-01-24,2025-26,Fulham,Brighton,2,1,1.43,1.5,1.34,0.9,0.6,1.4,53.6,53.3,9.4,12.4,1.6,2.6,0,0,0.2,0.6,1
PL-224,2026-01-24,2025-26,Manchester City,Wolves,2,0,1.85,0.79,1.16,2,1.8,1.2,66.2,44.7,8.4,11.2,1.6,2.4,0,0,0.6,0.4,1
PL-225,2026-01-24,2025-26,Bournemouth,Liverpool,3,2,2.17,1.56,1.48,1.16,1.2,1.4,51.7,58.5,10.8,11,2.2,1.2,0,0,0.4,0.4,1
PL-226,2026-01-25,2025-26,Brentford,Nottingham Forest,0,2,1.46,1.26,1.28,1.11,0.8,2,49.3,41.9,9,10,0.6,2,0,0,0,0.4,-1
PL-227,2026-01-25,2025-26,Newcastle United,Aston Villa,0,2,1.54,1.46,2.12,1.86,1.2,1.8,50.2,51.5,11.2,7.8,2.4,1.6,0.2,0,0.4,0.4,-1
PL-228,2026-01-25,2025-26,Crystal Palace,Chelsea,1,3,1.18,1.83,1.3,1.09,1.2,0.8,52.2,56.7,13.6,9.4,1.6,2,0.2,0,0.4,0.2,-1
PL-229,2026-01-25,2025-26,Arsenal,Manchester Utd,2,3,1.65,1.15,1.11,1.77,1.4,1.6,48.1,49,11.6,12,1,2.8,0,0.4,0.6,0.4,-1
PL-230,2026-01-26,2025-26,Everton,Leeds United,1,1,1.09,1.63,1.67,0.77,1.6,1,43.2,52.9,8.4,11.2,0.8,2,0,0.2,0.4,0.4,0
PL-231,2026-01-31,2025-26,Wolves,Bournemouth,0,2,0.79,2.17,2,1.48,1.2,1.2,44.7,51.7,11.2,10.8,2.4,2.2,0,0,0.4,0.4,-1
PL-232,2026-01-31,2025-26,Leeds United,Arsenal,0,4,1.63,1.65,0.77,1.11,1,1.4,52.9,48.1,11.2,11.6,2,1,0.2,0,0.4,0.6,-1
PL-233,2026-01-31,2025-26,Brighton,Everton,1,1,1.5,1.09,0.9,1.67,1.4,1.6,53.3,43.2,12.4,8.4,2.6,0.8,0,0,0.6,0.4,0
PL-234,2026-01-31,2025-26,Chelsea,West Ham United,3,2,1.83,1.01,1.09,1.23,0.8,1.2,56.7,40,9.4,11.2,2,2,0,0,0.2,0.4,1
PL-235,2026-01-31,2025-26,Liverpool,Newcastle United,4,1,1.56,1.54,1.16,2.12,1.4,1.2,58.5,50.2,11,11.2,1.2,2.4,0,0.2,0.4,0.4,1
PL-236,2026-02-01,2025-26,Aston Villa,Brentford,0,1,1.46,1.46,1.86,1.28,1.8,0.8,51.5,49.3,7.8,9,1.6,0.6,0,0,0.4,0,-1
PL-237,2026-02-01,2025-26,Nottingham Forest,Crystal Palace,1,1,1.26,1.18,1.11,1.3,2,1.2,41.9,52.2,10,13.6,2,1.6,0,0.2,0.4,0.4,0
PL-238,2026-02-01,2025-26,Manchester Utd,Fulham,3,2,1.15,1.43,1.77,1.34,1.6,0.6,49,53.6,12,9.4,2.8,1.6,0.4,0,0.4,0.2,1
PL-239,2026-02-01,2025-26,Tottenham Hotspur,Manchester City,2,2,1.2,1.85,1.53,1.16,0.8,1.8,44.9,66.2,13.8,8.4,2,1.6,0.2,0,0,0.6,0
PL-240,2026-02-02,2025-26,Sunderland,Burnley,3,0,1.59,0.89,1.52,2.08,1.4,0.4,44,45.2,14,10.2,3.2,1.6,0,0.2,0.6,0,1
PL-241,2026-02-06,2025-26,Leeds United,Nottingham Forest,3,1,1.63,1.26,0.77,1.11,1,2,52.9,41.9,11.2,10,2,2,0.2,0,0.4,0.4,1
PL-242,2026-02-07,2025-26,Manchester Utd,Tottenham Hotspur,2,0,1.15,1.2,1.77,1.53,1.6,0.8,49,44.9,12,13.8,2.8,2,0.4,0.2,0.4,0,1
PL-243,2026-02-07,2025-26,Arsenal,Sunderland,3,0,1.65,1.59,1.11,1.52,1.4,1.4,48.1,44,11.6,14,1,3.2,0,0,0.6,0.6,1
PL-244,2026-02-07,2025-26,Burnley,West Ham United,0,2,0.89,1.01,2.08,1.23,0.4,1.2,45.2,40,10.2,11.2,1.6,2,0.2,0,0,0.4,-1
PL-245,2026-02-07,2025-26,Fulham,Everton,1,2,1.43,1.09,1.34,1.67,0.6,1.6,53.6,43.2,9.4,8.4,1.6,0.8,0,0,0.2,0.4,-1
PL-246,2026-02-07,2025-26,Bournemouth,Aston Villa,1,1,2.17,1.46,1.48,1.86,1.2,1.8,51.7,51.5,10.8,7.8,2.2,1.6,0,0,0.4,0.4,0
PL-247,2026-02-07,2025-26,Wolves,Chelsea,1,3,0.79,1.83,2,1.09,1.2,0.8,44.7,56.7,11.2,9.4,2.4,2,0,0,0.4,0.2,-1
PL-248,2026-02-07,2025-26,Newcastle United,Brentford,2,3,1.54,1.46,2.12,1.28,1.2,0.8,50.2,49.3,11.2,9,2.4,0.6,0.2,0,0.4,0,-1
PL-249,2026-02-08,2025-26,Brighton,Crystal Palace,0,1,1.5,1.18,0.9,1.3,1.4,1.2,53.3,52.2,12.4,13.6,2.6,1.6,0,0.2,0.6,0.4,-1
PL-250,2026-02-08,2025-26,Liverpool,Manchester City,1,2,1.56,1.85,1.16,1.16,1.4,1.8,58.5,66.2,11,8.4,1.2,1.6,0,0,0.4,0.6,-1
PL-251,2026-02-10,2025-26,Everton,Bournemouth,1,2,1.09,2.17,1.67,1.48,1.6,1.2,43.2,51.7,8.4,10.8,0.8,2.2,0,0,0.4,0.4,-1
PL-252,2026-02-10,2025-26,Chelsea,Leeds United,2,2,1.83,1.63,1.09,0.77,0.8,1,56.7,52.9,9.4,11.2,2,2,0,0.2,0.2,0.4,0
PL-253,2026-02-10,2025-26,Tottenham Hotspur,Newcastle United,1,2,1.2,1.54,1.53,2.12,0.8,1.2,44.9,50.2,13.8,11.2,2,2.4,0.2,0.2,0,0.4,-1
PL-254,2026-02-10,2025-26,West Ham United,Manchester Utd,1,1,1.01,1.15,1.23,1.77,1.2,1.6,40,49,11.2,12,2,2.8,0,0.4,0.4,0.4,0
PL-255,2026-02-11,2025-26,Nottingham Forest,Wolves,0,0,1.26,0.79,1.11,2,2,1.2,41.9,44.7,10,11.2,2,2.4,0,0,0.4,0.4,0
PL-256,2026-02-11,2025-26,Manchester City,Fulham,3,0,1.85,1.43,1.16,1.34,1.8,0.6,66.2,53.6,8.4,9.4,1.6,1.6,0,0,0.6,0.2,1
PL-257,2026-02-11,2025-26,Aston Villa,Brighton,1,0,1.46,1.5,1.86,0.9,1.8,1.4,51.5,53.3,7.8,12.4,1.6,2.6,0,0,0.4,0.6,1
PL-258,2026-02-11,2025-26,Crystal Palace,Burnley,2,3,1.18,0.89,1.3,2.08,1.2,0.4,52.2,45.2,13.6,10.2,1.6,1.6,0.2,0.2,0.4,0,-1
PL-259,2026-02-11,2025-26,Sunderland,Liverpool,0,1,1.59,1.56,1.52,1.16,1.4,1.4,44,58.5,14,11,3.2,1.2,0,0,0.6,0.4,-1
PL-260,2026-02-12,2025-26,Brentford,Arsenal,1,1,1.46,1.65,1.28,1.11,0.8,1.4,49.3,48.1,9,11.6,0.6,1,0,0,0,0.6,0
PL-261,2026-02-18,2025-26,Wolves,Arsenal,2,2,0.79,1.65,2,1.11,1.2,1.4,44.7,48.1,11.2,11.6,2.4,1,0,0,0.4,0.6,0
PL-262,2026-02-21,2025-26,Chelsea,Burnley,1,1,1.83,0.89,1.09,2.08,0.8,0.4,56.7,45.2,9.4,10.2,2,1.6,0,0.2,0.2,0,0
PL-263,2026-02-21,2025-26,Brentford,Brighton,0,2,1.46,1.5,1.28,0.9,0.8,1.4,49.3,53.3,9,12.4,0.6,2.6,0,0,0,0.6,-1
PL-264,2026-02-21,2025-26,Aston Villa,Leeds United,1,1,1.46,1.63,1.86,0.77,1.8,1,51.5,52.9,7.8,11.2,1.6,2,0,0.2,0.4,0.4,0
PL-265,2026-02-21,2025-26,West Ham United,Bournemouth,0,0,1.01,2.17,1.23,1.48,1.2,1.2,40,51.7,11.2,10.8,2,2.2,0,0,0.4,0.4,0
PL-266,2026-02-21,2025-26,Manchester City,Newcastle United,2,1,1.85,1.54,1.16,2.12,1.8,1.2,66.2,50.2,8.4,11.2,1.6,2.4,0,0.2,0.6,0.4,1
PL-267,22/02/2026,2025-26,Sunderland,Fulham,1,3,1.59,1.43,1.52,1.34,1.4,0.6,44,53.6,14,9.4,3.2,1.6,0,0,0.6,0.2,-1
PL-268,2026-02-22,2025-26,Nottingham Forest,Liverpool,0,1,1.26,1.56,1.11,1.16,2,1.4,41.9,58.5,10,11,2,1.2,0,0,0.4,0.4,-1
PL-269,2026-02-22,2025-26,Crystal Palace,Wolves,1,0,1.18,0.79,1.3,2,1.2,1.2,52.2,44.7,13.6,11.2,1.6,2.4,0.2,0,0.4,0.4,1
PL-270,2026-02-22,2025-26,Tottenham Hotspur,Arsenal,1,4,1.2,1.65,1.53,1.11,0.8,1.4,44.9,48.1,13.8,11.6,2,1,0.2,0,0,0.6,-1
PL-271,2026-02-23,2025-26,Everton,Manchester Utd,0,1,1.09,1.15,1.67,1.77,1.6,1.6,43.2,49,8.4,12,0.8,2.8,0,0.4,0.4,0.4,-1
PL-272,2026-02-27,2025-26,Wolves,Aston Villa,2,0,0.79,1.46,2,1.86,1.2,1.8,44.7,51.5,11.2,7.8,2.4,1.6,0,0,0.4,0.4,1
PL-273,2026-02-28,2025-26,Bournemouth,Sunderland,1,1,2.17,1.59,1.48,1.52,1.2,1.4,51.7,44,10.8,14,2.2,3.2,0,0,0.4,0.6,0
PL-274,2026-02-28,2025-26,Burnley,Brentford,3,4,0.89,1.46,2.08,1.28,0.4,0.8,45.2,49.3,10.2,9,1.6,0.6,0.2,0,0,0,-1
PL-275,2026-02-28,2025-26,Liverpool,West Ham United,5,2,1.56,1.01,1.16,1.23,1.4,1.2,58.5,40,11,11.2,1.2,2,0,0,0.4,0.4,1
PL-276,2026-02-28,2025-26,Newcastle United,Everton,2,3,1.54,1.09,2.12,1.67,1.2,1.6,50.2,43.2,11.2,8.4,2.4,0.8,0.2,0,0.4,0.4,-1
PL-277,2026-02-28,2025-26,Leeds United,Manchester City,0,1,1.63,1.85,0.77,1.16,1,1.8,52.9,66.2,11.2,8.4,2,1.6,0.2,0,0.4,0.6,-1
PL-278,2026-03-01,2025-26,Brighton,Nottingham Forest,2,1,1.5,1.26,0.9,1.11,1.4,2,53.3,41.9,12.4,10,2.6,2,0,0,0.6,0.4,1
PL-279,2026-03-01,2025-26,Manchester Utd,Crystal Palace,2,1,1.15,1.18,1.77,1.3,1.6,1.2,49,52.2,12,13.6,2.8,1.6,0.4,0.2,0.4,0.4,1
PL-280,2026-03-01,2025-26,Fulham,Tottenham Hotspur,2,1,1.43,1.2,1.34,1.53,0.6,0.8,53.6,44.9,9.4,13.8,1.6,2,0,0.2,0.2,0,1
PL-281,2026-03-01,2025-26,Arsenal,Chelsea,2,1,1.65,1.83,1.11,1.09,1.4,0.8,48.1,56.7,11.6,9.4,1,2,0,0,0.6,0.2,1
PL-282,2026-03-03,2025-26,Bournemouth,Brentford,0,0,2.17,1.46,1.48,1.28,1.2,0.8,51.7,49.3,10.8,9,2.2,0.6,0,0,0.4,0,0
PL-283,2026-03-03,2025-26,Leeds United,Sunderland,0,1,1.63,1.59,0.77,1.52,1,1.4,52.9,44,11.2,14,2,3.2,0.2,0,0.4,0.6,-1
PL-284,2026-03-03,2025-26,Everton,Burnley,2,0,1.09,0.89,1.67,2.08,1.6,0.4,43.2,45.2,8.4,10.2,0.8,1.6,0,0.2,0.4,0,1
PL-285,2026-03-03,2025-26,Wolves,Liverpool,2,1,0.79,1.56,2,1.16,1.2,1.4,44.7,58.5,11.2,11,2.4,1.2,0,0,0.4,0.4,1
PL-286,2026-03-04,2025-26,Brighton,Arsenal,0,1,1.5,1.65,0.9,1.11,1.4,1.4,53.3,48.1,12.4,11.6,2.6,1,0,0,0.6,0.6,-1
PL-287,2026-03-04,2025-26,Manchester City,Nottingham Forest,2,2,1.85,1.26,1.16,1.11,1.8,2,66.2,41.9,8.4,10,1.6,2,0,0,0.6,0.4,0
PL-288,2026-03-04,2025-26,Fulham,West Ham United,0,1,1.43,1.01,1.34,1.23,0.6,1.2,53.6,40,9.4,11.2,1.6,2,0,0,0.2,0.4,-1
PL-289,2026-03-04,2025-26,Aston Villa,Chelsea,1,4,1.46,1.83,1.86,1.09,1.8,0.8,51.5,56.7,7.8,9.4,1.6,2,0,0,0.4,0.2,-1
PL-290,2026-03-04,2025-26,Newcastle United,Manchester Utd,2,1,1.54,1.15,2.12,1.77,1.2,1.6,50.2,49,11.2,12,2.4,2.8,0.2,0.4,0.4,0.4,1
PL-291,2026-03-05,2025-26,Tottenham Hotspur,Crystal Palace,1,3,1.2,1.18,1.53,1.3,0.8,1.2,44.9,52.2,13.8,13.6,2,1.6,0.2,0.2,0,0.4,-1
PL-292,2026-03-14,2025-26,Sunderland,Brighton,0,1,1.59,1.5,1.52,0.9,1.4,1.4,44,53.3,14,12.4,3.2,2.6,0,0,0.6,0.6,-1
PL-293,2026-03-14,2025-26,Burnley,Bournemouth,0,0,0.89,2.17,2.08,1.48,0.4,1.2,45.2,51.7,10.2,10.8,1.6,2.2,0.2,0,0,0.4,0
PL-294,2026-03-14,2025-26,Arsenal,Everton,2,0,1.65,1.09,1.11,1.67,1.4,1.6,48.1,43.2,11.6,8.4,1,0.8,0,0,0.6,0.4,1
PL-295,2026-03-14,2025-26,Chelsea,Newcastle United,0,1,1.83,1.54,1.09,2.12,0.8,1.2,56.7,50.2,9.4,11.2,2,2.4,0,0.2,0.2,0.4,-1
PL-296,2026-03-14,2025-26,West Ham United,Manchester City,1,1,1.01,1.85,1.23,1.16,1.2,1.8,40,66.2,11.2,8.4,2,1.6,0,0,0.4,0.6,0
PL-297,2026-03-15,2025-26,Nottingham Forest,Fulham,0,0,1.26,1.43,1.11,1.34,2,0.6,41.9,53.6,10,9.4,2,1.6,0,0,0.4,0.2,0
PL-298,2026-03-15,2025-26,Crystal Palace,Leeds United,0,0,1.18,1.63,1.3,0.77,1.2,1,52.2,52.9,13.6,11.2,1.6,2,0.2,0.2,0.4,0.4,0
PL-299,2026-03-15,2025-26,Manchester Utd,Aston Villa,3,1,1.15,1.46,1.77,1.86,1.6,1.8,49,51.5,12,7.8,2.8,1.6,0.4,0,0.4,0.4,1
PL-300,2026-03-15,2025-26,Liverpool,Tottenham Hotspur,1,1,1.56,1.2,1.16,1.53,1.4,0.8,58.5,44.9,11,13.8,1.2,2,0,0.2,0.4,0,0
PL-301,2026-03-16,2025-26,Brentford,Wolves,2,2,1.46,0.79,1.28,2,0.8,1.2,49.3,44.7,9,11.2,0.6,2.4,0,0,0,0.4,0
PL-302,2026-03-20,2025-26,Bournemouth,Manchester Utd,2,2,2.17,1.15,1.48,1.77,1.2,1.6,51.7,49,10.8,12,2.2,2.8,0,0.4,0.4,0.4,0
PL-303,2026-03-21,2025-26,Brighton,Liverpool,2,1,1.5,1.56,0.9,1.16,1.4,1.4,53.3,58.5,12.4,11,2.6,1.2,0,0,0.6,0.4,1
PL-304,2026-03-21,2025-26,Fulham,Burnley,3,1,1.43,0.89,1.34,2.08,0.6,0.4,53.6,45.2,9.4,10.2,1.6,1.6,0,0.2,0.2,0,1
PL-305,2026-03-21,2025-26,Everton,Chelsea,3,0,1.09,1.83,1.67,1.09,1.6,0.8,43.2,56.7,8.4,9.4,0.8,2,0,0,0.4,0.2,1
PL-306,2026-03-21,2025-26,Leeds United,Brentford,0,0,1.63,1.46,0.77,1.28,1,0.8,52.9,49.3,11.2,9,2,0.6,0.2,0,0.4,0,0
PL-307,2026-03-22,2025-26,Newcastle United,Sunderland,1,2,1.54,1.59,2.12,1.52,1.2,1.4,50.2,44,11.2,14,2.4,3.2,0.2,0,0.4,0.6,-1
PL-308,2026-03-22,2025-26,Aston Villa,West Ham United,2,0,1.46,1.01,1.86,1.23,1.8,1.2,51.5,40,7.8,11.2,1.6,2,0,0,0.4,0.4,1
PL-309,2026-03-22,2025-26,Tottenham Hotspur,Nottingham Forest,0,3,1.2,1.26,1.53,1.11,0.8,2,44.9,41.9,13.8,10,2,2,0.2,0,0,0.4,-1
PL-310,2026-04-10,2025-26,West Ham United,Wolves,4,0,1.01,0.79,1.23,2,1.2,1.2,40,44.7,11.2,11.2,2,2.4,0,0,0.4,0.4,1
PL-311,2026-04-11,2025-26,Arsenal,Bournemouth,1,2,1.65,2.17,1.11,1.48,1.4,1.2,48.1,51.7,11.6,10.8,1,2.2,0,0,0.6,0.4,-1
PL-312,2026-04-11,2025-26,Burnley,Brighton,0,2,0.89,1.5,2.08,0.9,0.4,1.4,45.2,53.3,10.2,12.4,1.6,2.6,0.2,0,0,0.6,-1
PL-313,2026-04-11,2025-26,Brentford,Everton,2,2,1.46,1.09,1.28,1.67,0.8,1.6,49.3,43.2,9,8.4,0.6,0.8,0,0,0,0.4,0
PL-314,2026-04-11,2025-26,Liverpool,Fulham,2,0,1.56,1.43,1.16,1.34,1.4,0.6,58.5,53.6,11,9.4,1.2,1.6,0,0,0.4,0.2,1
PL-315,2026-04-12,2025-26,Crystal Palace,Newcastle United,2,1,1.18,1.54,1.3,2.12,1.2,1.2,52.2,50.2,13.6,11.2,1.6,2.4,0.2,0.2,0.4,0.4,1
PL-316,2026-04-12,2025-26,Nottingham Forest,Aston Villa,1,1,1.26,1.46,1.11,1.86,2,1.8,41.9,51.5,10,7.8,2,1.6,0,0,0.4,0.4,0
PL-317,2026-04-12,2025-26,Sunderland,Tottenham Hotspur,1,0,1.59,1.2,1.52,1.53,1.4,0.8,44,44.9,14,13.8,3.2,2,0,0.2,0.6,0,1
PL-318,2026-04-12,2025-26,Chelsea,Manchester City,0,3,1.83,1.85,1.09,1.16,0.8,1.8,56.7,66.2,9.4,8.4,2,1.6,0,0,0.2,0.6,-1
PL-319,2026-04-13,2025-26,Manchester Utd,Leeds United,1,2,1.15,1.63,1.77,0.77,1.6,1,49,52.9,12,11.2,2.8,2,0.4,0.2,0.4,0.4,-1
PL-320,2026-04-18,2025-26,Brentford,Fulham,0,0,1.46,1.43,1.28,1.34,0.8,0.6,49.3,53.6,9,9.4,0.6,1.6,0,0,0,0.2,0
PL-321,2026-04-18,2025-26,Newcastle United,Bournemouth,1,2,1.54,2.17,2.12,1.48,1.2,1.2,50.2,51.7,11.2,10.8,2.4,2.2,0.2,0,0.4,0.4,-1
PL-322,2026-04-18,2025-26,Leeds United,Wolves,3,0,1.63,0.79,0.77,2,1,1.2,52.9,44.7,11.2,11.2,2,2.4,0.2,0,0.4,0.4,1
PL-323,2026-04-18,2025-26,Tottenham Hotspur,Brighton,2,2,1.2,1.5,1.53,0.9,0.8,1.4,44.9,53.3,13.8,12.4,2,2.6,0.2,0,0,0.6,0
PL-324,2026-04-18,2025-26,Chelsea,Manchester Utd,0,1,1.83,1.15,1.09,1.77,0.8,1.6,56.7,49,9.4,12,2,2.8,0,0.4,0.2,0.4,-1
PL-325,2026-04-19,2025-26,Nottingham Forest,Burnley,4,1,1.26,0.89,1.11,2.08,2,0.4,41.9,45.2,10,10.2,2,1.6,0,0.2,0.4,0,1
PL-326,2026-04-19,2025-26,Aston Villa,Sunderland,4,3,1.46,1.59,1.86,1.52,1.8,1.4,51.5,44,7.8,14,1.6,3.2,0,0,0.4,0.6,1
PL-327,2026-04-19,2025-26,Everton,Liverpool,1,2,1.09,1.56,1.67,1.16,1.6,1.4,43.2,58.5,8.4,11,0.8,1.2,0,0,0.4,0.4,-1
PL-328,2026-04-19,2025-26,Manchester City,Arsenal,2,1,1.85,1.65,1.16,1.11,1.8,1.4,66.2,48.1,8.4,11.6,1.6,1,0,0,0.6,0.6,1
PL-329,2026-04-20,2025-26,Crystal Palace,West Ham United,0,0,1.18,1.01,1.3,1.23,1.2,1.2,52.2,40,13.6,11.2,1.6,2,0.2,0,0.4,0.4,0
PL-001,2025-08-15,2025-26,Liverpool,Bournemouth,4,2,1.56,2.17,1.16,1.48,1.4,1.2,58.5,51.7,11,10.8,1.2,2.2,0,0,0.4,0.4,1
