match_id,date,season,home_team,away_team,home_goals,away_goals,home_avg_xg_last5,away_avg_xg_last5,home_avg_xg_against_last5,away_avg_xg_against_last5,home_avg_goals_scored_last5,away_avg_goals_scored_last5,home_avg_possession_last5,away_avg_possession_last5,home_avg_fouls_last5,away_avg_fouls_last5,home_avg_yellow_cards_last5,away_avg_yellow_cards_last5,home_avg_red_cards_last5,away_avg_red_cards_last5,home_winrate_last5,away_winrate_last5,result,home_days_rest,away_days_rest,rest_diff,home_elo_rating,away_elo_rating,elo_diff
PL-001,2025-08-15,2025-26,Liverpool,Bournemouth,4,2,1.56,2.17,1.16,1.48,1.4,1.2,58.5,51.7,11.0,10.8,1.2,2.2,0.0,0.0,0.4,0.4,1,7.0,7.0,0.0,1500.0,1500.0,0.0
PL-002,2025-08-16,2025-26,Aston Villa,Newcastle United,0,0,1.46,1.54,1.86,2.12,1.8,1.2,51.5,50.2,7.8,11.2,1.6,2.4,0.0,0.2,0.4,0.4,0,7.0,7.0,0.0,1500.0,1500.0,0.0
PL-003,2025-08-16,2025-26,Sunderland,West Ham United,3,0,1.59,1.01,1.52,1.23,1.4,1.2,44.0,40.0,14.0,11.2,3.2,2.0,0.0,0.0,0.6,0.4,1,7.0,7.0,0.0,1500.0,1500.0,0.0
PL-004,2025-08-16,2025-26,Brighton,Fulham,1,1,1.5,1.43,0.9,1.34,1.4,0.6,53.3,53.6,12.4,9.4,2.6,1.6,0.0,0.0,0.6,0.2,0,7.0,7.0,0.0,1500.0,1500.0,0.0
PL-005,2025-08-16,2025-26,Tottenham Hotspur,Burnley,3,0,1.2,0.89,1.53,2.08,0.8,0.4,44.9,45.2,13.8,10.2,2.0,1.6,0.2,0.2,0.0,0.0,1,7.0,7.0,0.0,1500.0,1500.0,0.0
PL-006,2025-08-16,2025-26,Wolves,Manchester City,0,4,0.79,1.85,2.0,1.16,1.2,1.8,44.7,66.2,11.2,8.4,2.4,1.6,0.0,0.0,0.4,0.6,-1,7.0,7.0,0.0,1500.0,1500.0,0.0
PL-007,2025-08-17,2025-26,Chelsea,Crystal Palace,0,0,1.83,1.18,1.09,1.3,0.8,1.2,56.7,52.2,9.4,13.6,2.0,1.6,0.0,0.2,0.2,0.4,0,7.0,7.0,0.0,1500.0,1500.0,0.0
PL-008,2025-08-17,2025-26,Nottingham Forest,Brentford,3,1,1.26,1.46,1.11,1.28,2.0,0.8,41.9,49.3,10.0,9.0,2.0,0.6,0.0,0.0,0.4,0.0,1,7.0,7.0,0.0,1500.0,1500.0,0.0
PL-009,2025-08-17,2025-26,Manchester Utd,Arsenal,0,1,1.15,1.65,1.77,1.11,1.6,1.4,49.0,48.1,12.0,11.6,2.8,1.0,0.4,0.0,0.4,0.6,-1,7.0,7.0,0.0,1500.0,1500.0,0.0
PL-010,2025-08-18,2025-26,Leeds United,Everton,1,0,1.63,1.09,0.77,1.67,1.0,1.6,52.9,43.2,11.2,8.4,2.0,0.8,0.2,0.0,0.4,0.4,1,7.0,7.0,0.0,1500.0,1500.0,0.0
PL-011,2025-08-22,2025-26,West Ham United,Chelsea,1,5,1.01,1.83,1.23,1.09,1.2,0.8,40.0,56.7,11.2,9.4,2.0,2.0,0.0,0.0,0.4,0.2,-1,6.0,5.0,1.0,1490.0,1500.0,-10.0
PL-012,2025-08-23,2025-26,Manchester City,Tottenham Hotspur,0,2,1.85,1.2,1.16,1.53,1.8,0.8,66.2,44.9,8.4,13.8,1.6,2.0,0.0,0.2,0.6,0.0,-1,7.0,7.0,0.0,1510.0,1510.0,0.0
PL-013,2025-08-23,2025-26,Bournemouth,Wolves,1,0,2.17,0.79,1.48,2.0,1.2,1.2,51.7,44.7,10.8,11.2,2.2,2.4,0.0,0.0,0.4,0.4,1,8.0,7.0,1.0,1490.0,1490.0,0.0
PL-014,2025-08-23,2025-26,Brentford,Aston Villa,1,0,1.46,1.46,1.28,1.86,0.8,1.8,49.3,51.5,9.0,7.8,0.6,1.6,0.0,0.0,0.0,0.4,1,6.0,7.0,-1.0,1490.0,1500.0,-10.0
PL-015,2025-08-23,2025-26,Burnley,Sunderland,2,0,0.89,1.59,2.08,1.52,0.4,1.4,45.2,44.0,10.2,14.0,1.6,3.2,0.2,0.0,0.0,0.6,1,7.0,7.0,0.0,1490.0,1510.0,-20.0
PL-016,2025-08-23,2025-26,Arsenal,Leeds United,5,0,1.65,1.63,1.11,0.77,1.4,1.0,48.1,52.9,11.6,11.2,1.0,2.0,0.0,0.2,0.6,0.4,1,6.0,5.0,1.0,1510.0,1510.0,0.0
PL-018,2025-08-24,2025-26,Everton,Brighton,2,0,1.09,1.5,1.67,0.9,1.6,1.4,43.2,53.3,8.4,12.4,0.8,2.6,0.0,0.0,0.4,0.6,1,6.0,8.0,-2.0,1490.0,1500.0,-10.0
PL-019,2025-08-24,2025-26,Fulham,Manchester Utd,1,1,1.43,1.15,1.34,1.77,0.6,1.6,53.6,49.0,9.4,12.0,1.6,2.8,0.0,0.4,0.2,0.4,0,8.0,7.0,1.0,1500.0,1490.0,10.0
PL-020,2025-08-25,2025-26,Newcastle United,Liverpool,2,3,1.54,1.56,2.12,1.16,1.2,1.4,50.2,58.5,11.2,11.0,2.4,1.2,0.2,0.0,0.4,0.4,-1,9.0,10.0,-1.0,1500.0,1510.0,-10.0
PL-021,2025-08-30,2025-26,Chelsea,Fulham,2,0,1.83,1.43,1.09,1.34,0.8,0.6,56.7,53.6,9.4,9.4,2.0,1.6,0.0,0.0,0.2,0.2,1,8.0,6.0,2.0,1509.71225631668,1499.71225631668,10.0
PL-022,2025-08-30,2025-26,Wolves,Everton,2,3,0.79,1.09,2.0,1.67,1.2,1.6,44.7,43.2,11.2,8.4,2.4,0.8,0.0,0.0,0.4,0.4,-1,7.0,6.0,1.0,1480.0,1500.28774368332,-20.28774368332006
PL-023,2025-08-30,2025-26,Manchester Utd,Burnley,3,2,1.15,0.89,1.77,2.08,1.6,0.4,49.0,45.2,12.0,10.2,2.8,1.6,0.4,0.2,0.4,0.0,1,6.0,7.0,-1.0,1490.28774368332,1500.5750112778453,-10.287267594525247
PL-024,2025-08-30,2025-26,Sunderland,Brentford,2,1,1.59,1.46,1.52,1.28,1.4,0.8,44.0,49.3,14.0,9.0,3.2,0.6,0.0,0.0,0.6,0.0,1,7.0,7.0,0.0,1499.4249887221547,1500.28774368332,-0.8627549611653649
PL-025,2025-08-30,2025-26,Tottenham Hotspur,Bournemouth,0,1,1.2,2.17,1.53,1.48,0.8,1.2,44.9,51.7,13.8,10.8,2.0,2.2,0.2,0.0,0.0,0.4,-1,7.0,7.0,0.0,1520.0,1500.0,20.0
PL-026,2025-08-30,2025-26,Leeds United,Newcastle United,0,0,1.63,1.54,0.77,2.12,1.0,1.2,52.9,50.2,11.2,11.2,2.0,2.4,0.2,0.2,0.4,0.4,0,7.0,5.0,2.0,1500.0,1490.28774368332,9.712256316679941
PL-027,2025-08-31,2025-26,Nottingham Forest,West Ham United,0,3,1.26,1.01,1.11,1.23,2.0,1.2,41.9,40.0,10.0,11.2,2.0,2.0,0.0,0.0,0.4,0.4,-1,14.0,9.0,5.0,1510.0,1480.28774368332,29.71225631667994
PL-028,2025-08-31,2025-26,Brighton,Manchester City,2,1,1.5,1.85,0.9,1.16,1.4,1.8,53.3,66.2,12.4,8.4,2.6,1.6,0.0,0.0,0.6,0.6,1,7.0,8.0,-1.0,1489.71225631668,1500.0,-10.287743683320059
PL-029,2025-08-31,2025-26,Liverpool,Arsenal,1,0,1.56,1.65,1.16,1.11,1.4,1.4,58.5,48.1,11.0,11.6,1.2,1.0,0.0,0.0,0.4,0.6,1,6.0,8.0,-2.0,1519.71225631668,1520.0,-0.28774368332005906
PL-031,2025-09-13,2025-26,Arsenal,Nottingham Forest,3,0,1.65,1.26,1.11,1.11,1.4,2.0,48.1,41.9,11.6,10.0,1.0,2.0,0.0,0.0,0.6,0.4,1,13.0,13.0,0.0,1509.9917180729458,1499.146891230344,10.844826842601833
PL-032,2025-09-13,2025-26,Newcastle United,Wolves,1,0,1.54,0.79,2.12,2.0,1.2,1.2,50.2,44.7,11.2,11.2,2.4,2.4,0.2,0.0,0.4,0.4,1,14.0,14.0,0.0,1490.56721209952,1470.5832654286248,19.983946670895193
PL-033,2025-09-13,2025-26,Fulham,Leeds United,1,0,1.43,1.63,1.34,0.77,0.6,1.0,53.6,52.9,9.4,11.2,1.6,2.0,0.0,0.2,0.2,0.4,1,14.0,14.0,0.0,1490.0,1499.7205315838,-9.720531583800039
PL-034,2025-09-13,2025-26,Crystal Palace,Sunderland,0,0,1.18,1.59,1.3,1.52,1.2,1.4,52.2,44.0,13.6,14.0,1.6,3.2,0.2,0.0,0.4,0.6,0,27.0,14.0,13.0,1500.0,1509.44982075502,-9.449820755020028
PL-035,2025-09-13,2025-26,Everton,Aston Villa,0,0,1.09,1.46,1.67,1.86,1.6,1.8,43.2,51.5,8.4,7.8,0.8,1.6,0.0,0.0,0.4,0.4,0,14.0,21.0,-7.0,1509.7044782546952,1489.71225631668,19.99222193801529
PL-036,2025-09-13,2025-26,Bournemouth,Brighton,2,1,2.17,1.5,1.48,0.9,1.2,1.4,51.7,53.3,10.8,12.4,2.2,2.6,0.0,0.0,0.4,0.6,1,14.0,13.0,1.0,1510.5750112778453,1500.0082748727182,10.56673640512713
PL-037,2025-09-13,2025-26,West Ham United,Tottenham Hotspur,0,3,1.01,1.2,1.23,1.53,1.2,0.8,40.0,44.9,11.2,13.8,2.0,2.0,0.0,0.2,0.4,0.0,-1,13.0,14.0,-1.0,1491.140852452976,1509.4249887221547,-18.28413626917859
PL-038,2025-09-13,2025-26,Brentford,Chelsea,2,2,1.46,1.83,1.28,1.09,0.8,0.8,49.3,56.7,9.0,9.4,0.6,2.0,0.0,0.0,0.0,0.2,0,14.0,14.0,0.0,1490.2629116504547,1519.4245126333599,-29.161600982905156
PL-039,2025-09-14,2025-26,Burnley,Liverpool,0,1,0.89,1.56,2.08,1.16,0.4,1.4,45.2,58.5,10.2,11.0,1.6,1.2,0.2,0.0,0.0,0.4,-1,15.0,14.0,1.0,1490.279006412737,1529.7205382437342,-39.441531830997064
PL-040,2025-09-14,2025-26,Manchester City,Manchester Utd,3,0,1.85,1.15,1.16,1.77,1.8,1.6,66.2,49.0,8.4,12.0,1.6,2.8,0.0,0.4,0.6,0.4,1,14.0,15.0,-1.0,1489.7039814439618,1500.5837485484283,-10.87976710446651
PL-041,2025-09-20,2025-26,Liverpool,Everton,2,1,1.56,1.09,1.16,1.67,1.4,1.6,58.5,43.2,11.0,8.4,1.2,0.8,0.0,0.0,0.4,0.4,1,6.0,7.0,-1.0,1538.590171295801,1509.1296901075555,29.460481188245467
PL-042,2025-09-20,2025-26,Wolves,Leeds United,1,3,0.79,1.63,2.0,0.77,1.2,1.0,44.7,52.9,11.2,11.2,2.4,2.0,0.0,0.2,0.4,0.4,-1,7.0,7.0,0.0,1461.1578161810125,1489.4408251724506,-28.28300899143801
PL-043,2025-09-20,2025-26,Brighton,Tottenham Hotspur,2,2,1.5,1.2,0.9,1.53,1.4,0.8,53.3,44.9,12.4,13.8,2.6,2.0,0.0,0.2,0.6,0.0,0,7.0,7.0,0.0,1490.3123162558584,1518.8992142636773,-28.586898007818945
PL-044,2025-09-20,2025-26,Burnley,Nottingham Forest,1,1,0.89,1.26,2.08,1.11,0.4,2.0,45.2,41.9,10.2,10.0,1.6,2.0,0.2,0.0,0.0,0.4,0,6.0,7.0,-1.0,1481.4093733606703,1489.4589291043035,-8.049555743633164
PL-045,2025-09-20,2025-26,West Ham United,Crystal Palace,1,2,1.01,1.18,1.23,1.3,1.2,1.2,40.0,52.2,11.2,13.6,2.0,1.6,0.0,0.2,0.4,0.4,-1,7.0,7.0,0.0,1481.6666269114535,1500.2719206551346,-18.60529374368116
PL-046,2025-09-20,2025-26,Manchester Utd,Chelsea,2,1,1.15,1.83,1.77,1.09,1.6,0.8,49.0,56.7,12.0,9.4,2.8,2.0,0.4,0.0,0.4,0.2,1,6.0,7.0,-1.0,1490.2707059952372,1518.5871397635801,-28.316433768342904
PL-047,2025-09-20,2025-26,Fulham,Brentford,3,1,1.43,1.46,1.34,1.28,0.6,0.8,53.6,49.3,9.4,9.0,1.6,0.6,0.0,0.0,0.2,0.0,1,7.0,7.0,0.0,1500.2797064113495,1491.1002845202345,9.179421891114998
PL-049,2025-09-21,2025-26,Sunderland,Aston Villa,1,1,1.59,1.46,1.52,1.86,1.4,1.8,44.0,51.5,14.0,7.8,3.2,1.6,0.0,0.0,0.6,0.4,0,8.0,8.0,0.0,1509.1779000998854,1490.2870444638197,18.89085563606568
PL-050,2025-09-21,2025-26,Arsenal,Manchester City,1,1,1.65,1.85,1.11,1.16,1.4,1.8,48.1,66.2,11.6,8.4,1.0,1.6,0.0,0.0,0.6,0.6,0,8.0,7.0,1.0,1519.6796801989863,1500.0170239971528,19.662656201833443
PL-051,2025-09-27,2025-26,Brentford,Manchester Utd,3,1,1.46,1.15,1.28,1.77,0.8,1.6,49.3,49.0,9.0,12.0,0.6,2.8,0.0,0.4,0.0,0.4,1,7.0,7.0,0.0,1481.3644280620365,1501.0839186947835,-19.71949063274701
PL-052,2025-09-27,2025-26,Crystal Palace,Liverpool,2,1,1.18,1.56,1.3,1.16,1.2,1.4,52.2,58.5,13.6,11.0,1.6,1.2,0.2,0.0,0.4,0.4,1,7.0,7.0,0.0,1509.736928545149,1547.7442568994989,-38.00732835434974
PL-053,2025-09-27,2025-26,Manchester City,Burnley,5,1,1.85,0.89,1.16,2.08,1.8,0.4,66.2,45.2,8.4,10.2,1.6,1.6,0.0,0.2,0.6,0.0,1,6.0,7.0,-1.0,1500.5823573061082,1481.6410167533345,18.94134055277368
PL-054,2025-09-27,2025-26,Chelsea,Brighton,1,3,1.83,1.5,1.09,0.9,0.8,1.4,56.7,53.3,9.4,12.4,2.0,2.6,0.0,0.0,0.2,0.6,-1,7.0,7.0,0.0,1507.7739270640338,1491.1332615702722,16.640665493761617
PL-055,2025-09-27,2025-26,Leeds United,Bournemouth,2,2,1.63,2.17,0.77,1.48,1.0,1.2,52.9,51.7,11.2,10.8,2.0,2.2,0.2,0.0,0.4,0.4,0,7.0,14.0,-7.0,1498.6285681606612,1520.270969894705,-21.642401734043915
PL-056,2025-09-27,2025-26,Nottingham Forest,Sunderland,0,1,1.26,1.59,1.11,1.52,2.0,1.4,41.9,44.0,10.0,14.0,2.0,3.2,0.0,0.0,0.4,0.6,-1,7.0,6.0,1.0,1489.2272857116393,1508.634712744664,-19.40742703302476
PL-057,2025-09-27,2025-26,Tottenham Hotspur,Wolves,1,1,1.2,0.79,1.53,2.0,0.8,1.2,44.9,44.7,13.8,11.2,2.0,2.4,0.2,0.0,0.0,0.4,0,7.0,7.0,0.0,1518.0782689492635,1451.970073192802,66.10819575646155
PL-058,2025-09-28,2025-26,Aston Villa,Fulham,3,1,1.46,1.43,1.86,1.34,1.8,0.6,51.5,53.6,7.8,9.4,1.6,1.6,0.0,0.0,0.4,0.2,1,7.0,8.0,-1.0,1490.830231819041,1510.0155628695475,-19.18533105050642
PL-059,2025-09-28,2025-26,Newcastle United,Arsenal,1,2,1.54,1.65,2.12,1.11,1.2,1.4,50.2,48.1,11.2,11.6,2.4,1.0,0.2,0.0,0.4,0.6,-1,15.0,7.0,8.0,1499.9926613471323,1519.114346890031,-19.121685542898604
PL-060,2025-09-29,2025-26,Everton,West Ham United,1,1,1.09,1.01,1.67,1.23,1.6,1.2,43.2,40.0,8.4,11.2,0.8,2.0,0.0,0.0,0.4,0.4,0,9.0,9.0,0.0,1499.9756045038575,1472.201619021439,27.77398548241854
PL-061,2025-10-03,2025-26,Bournemouth,Fulham,3,1,2.17,1.43,1.48,1.34,1.2,0.6,51.7,53.6,10.8,9.4,2.2,1.6,0.0,0.0,0.4,0.2,1,6.0,5.0,1.0,1519.6488559488835,1499.4639252293637,20.184930719519798
PL-062,2025-10-04,2025-26,Leeds United,Tottenham Hotspur,1,2,1.63,1.2,0.77,1.53,1.0,0.8,52.9,44.9,11.2,13.8,2.0,2.0,0.2,0.2,0.4,0.0,-1,7.0,7.0,0.0,1499.2506821064828,1516.1981570232551,-16.947474916772308
PL-063,2025-10-04,2025-26,Arsenal,West Ham United,2,0,1.65,1.01,1.11,1.23,1.4,1.2,48.1,40.0,11.6,11.2,1.0,2.0,0.0,0.0,0.6,0.4,1,6.0,5.0,1.0,1528.5645355588053,1472.9993200979695,55.565215460835816
PL-064,2025-10-04,2025-26,Manchester Utd,Sunderland,2,0,1.15,1.59,1.77,1.52,1.6,1.4,49.0,44.0,12.0,14.0,2.8,3.2,0.4,0.0,0.4,0.6,1,7.0,7.0,0.0,1490.5169548026347,1518.076702346284,-27.559747543649337
PL-065,2025-10-04,2025-26,Chelsea,Liverpool,2,1,1.83,1.56,1.09,1.16,0.8,1.4,56.7,58.5,9.4,11.0,2.0,1.2,0.0,0.0,0.2,0.4,1,7.0,7.0,0.0,1497.2953361163002,1536.6546609957586,-39.35932487945843
PL-066,2025-10-05,2025-26,Wolves,Brighton,1,1,0.79,1.5,2.0,0.9,1.2,1.4,44.7,53.3,11.2,12.4,2.4,2.6,0.0,0.0,0.4,0.6,0,8.0,8.0,0.0,1453.8501851188103,1501.611852518006,-47.76166739919563
PL-067,2025-10-05,2025-26,Everton,Crystal Palace,2,1,1.09,1.18,1.67,1.3,1.6,1.2,43.2,52.2,8.4,13.6,0.8,1.6,0.0,0.2,0.4,0.4,1,6.0,8.0,-2.0,1499.177903427327,1520.8265244488894,-21.64862102156235
PL-068,2025-10-05,2025-26,Aston Villa,Burnley,2,1,1.46,0.89,1.86,2.08,1.8,0.4,51.5,45.2,7.8,10.2,1.6,1.6,0.0,0.2,0.4,0.0,1,7.0,8.0,-1.0,1501.3818694592248,1472.185652882491,29.196216576733832
PL-069,2025-10-05,2025-26,Newcastle United,Nottingham Forest,2,0,1.54,1.26,2.12,1.11,1.2,2.0,50.2,41.9,11.2,10.0,2.4,2.0,0.2,0.0,0.4,0.4,1,7.0,8.0,-1.0,1490.5424726783579,1479.7852961100193,10.757176568338537
PL-070,2025-10-05,2025-26,Brentford,Manchester City,0,1,1.46,1.85,1.28,1.16,0.8,1.8,49.3,66.2,9.0,8.4,0.6,1.6,0.0,0.0,0.0,0.6,-1,8.0,8.0,0.0,1491.9313919541853,1510.0377211769517,-18.106329222766362
PL-071,2025-10-18,2025-26,Nottingham Forest,Chelsea,0,3,1.26,1.83,1.11,1.09,2.0,0.8,41.9,56.7,10.0,9.4,2.0,2.0,0.0,0.0,0.4,0.2,-1,13.0,14.0,-1.0,1470.0948136428747,1508.4233671279726,-38.32855348509793
PL-072,2025-10-18,2025-26,Sunderland,Wolves,2,0,1.59,0.79,1.52,2.0,1.4,1.2,44.0,44.7,14.0,11.2,3.2,2.4,0.0,0.0,0.6,0.4,1,14.0,13.0,1.0,1507.2851285963216,1455.2162818429458,52.06884675337574
PL-073,2025-10-18,2025-26,Burnley,Leeds United,2,0,0.89,1.63,2.08,0.77,0.4,1.0,45.2,52.9,10.2,11.2,1.6,2.0,0.2,0.2,0.0,0.4,1,13.0,14.0,-1.0,1463.0240150747854,1489.738083138013,-26.714068063227614
PL-074,2025-10-18,2025-26,Brighton,Newcastle United,2,1,1.5,1.54,0.9,2.12,1.4,1.2,53.3,50.2,12.4,11.2,2.6,2.4,0.0,0.2,0.6,0.4,1,13.0,13.0,0.0,1500.2457557938703,1500.2329551455025,0.012800648367829126
PL-075,2025-10-18,2025-26,Crystal Palace,Bournemouth,3,3,1.18,2.17,1.3,1.48,1.2,1.2,52.2,51.7,13.6,10.8,1.6,2.2,0.2,0.0,0.4,0.4,0,13.0,15.0,-2.0,1510.2042321905794,1529.0685396989093,-18.86430750832983
PL-076,2025-10-18,2025-26,Manchester City,Everton,2,0,1.85,1.09,1.16,1.67,1.8,1.6,66.2,43.2,8.4,8.4,1.6,0.8,0.0,0.0,0.6,0.4,1,13.0,13.0,0.0,1519.517050406235,1509.800195685637,9.716854720598121
PL-077,2025-10-18,2025-26,Fulham,Arsenal,0,1,1.43,1.65,1.34,1.11,0.6,1.4,53.6,48.1,9.4,11.6,1.6,1.0,0.0,0.0,0.2,0.6,-1,15.0,14.0,1.0,1490.0442414793379,1536.9787373305826,-46.93449585124472
PL-079,2025-10-19,2025-26,Liverpool,Manchester Utd,1,2,1.56,1.15,1.16,1.77,1.4,1.6,58.5,49.0,11.0,12.0,1.2,2.8,0.0,0.4,0.4,0.4,-1,15.0,15.0,0.0,1525.5266299840862,1501.3085285525972,24.218101431489004
PL-080,2025-10-20,2025-26,West Ham United,Brentford,0,2,1.01,1.46,1.23,1.28,1.2,0.8,40.0,49.3,11.2,9.0,2.0,0.6,0.0,0.0,0.4,0.0,-1,16.0,15.0,1.0,1464.5851183261923,1482.452062724902,-17.86694439870962
PL-081,2025-10-24,2025-26,Leeds United,West Ham United,2,1,1.63,1.01,0.77,1.23,1.0,1.2,52.9,40.0,11.2,11.2,2.0,2.0,0.2,0.0,0.4,0.4,1,6.0,4.0,2.0,1478.9707020980418,1455.0989174811775,23.87178461686426
PL-082,2025-10-25,2025-26,Newcastle United,Fulham,2,1,1.54,1.43,2.12,1.34,1.2,0.6,50.2,53.6,11.2,9.4,2.4,1.6,0.2,0.0,0.4,0.2,1,7.0,7.0,0.0,1490.2333235777787,1481.3869670435276,8.846356534251072
PL-083,2025-10-25,2025-26,Chelsea,Sunderland,1,2,1.83,1.59,1.09,1.52,0.8,1.4,56.7,44.0,9.4,14.0,2.0,3.2,0.0,0.0,0.2,0.6,-1,7.0,7.0,0.0,1517.3246363101853,1515.7975867450612,1.5270495651241163
PL-084,2025-10-25,2025-26,Manchester Utd,Brighton,4,2,1.15,1.5,1.77,0.9,1.6,1.4,49.0,53.3,12.0,12.4,2.8,2.6,0.4,0.0,0.4,0.6,1,6.0,7.0,-1.0,1512.0044547804557,1510.245387361594,1.759067418861605
PL-085,2025-10-25,2025-26,Brentford,Liverpool,3,2,1.46,1.56,1.28,1.16,0.8,1.4,49.3,58.5,9.0,11.0,0.6,1.2,0.0,0.0,0.0,0.4,1,5.0,6.0,-1.0,1491.9382635699167,1514.8307037562276,-22.892440186310978
PL-086,2025-10-26,2025-26,Arsenal,Crystal Palace,1,0,1.65,1.18,1.11,1.3,1.4,1.2,48.1,52.2,11.6,13.6,1.0,1.6,0.0,0.2,0.6,0.4,1,8.0,8.0,0.0,1545.6360117663928,1510.7466576806453,34.88935408574753
PL-087,2025-10-26,2025-26,Aston Villa,Manchester City,1,0,1.46,1.85,1.86,1.16,1.8,1.8,51.5,66.2,7.8,8.4,1.6,1.6,0.0,0.0,0.4,0.6,1,21.0,8.0,13.0,1510.5435072669304,1529.2374497407511,-18.693942473820698
PL-088,2025-10-26,2025-26,Wolves,Burnley,2,3,0.79,0.89,2.0,2.08,1.2,0.4,44.7,45.2,11.2,10.2,2.4,1.6,0.0,0.2,0.4,0.0,-1,8.0,8.0,0.0,1446.7038236942062,1473.7913961147567,-27.087572420550487
PL-089,2025-10-26,2025-26,Bournemouth,Nottingham Forest,2,0,2.17,1.26,1.48,1.11,1.2,2.0,51.7,41.9,10.8,10.0,2.2,2.0,0.0,0.0,0.4,0.4,1,8.0,8.0,0.0,1528.5261142088434,1461.193544460662,67.33256974818141
PL-090,2025-10-26,2025-26,Everton,Tottenham Hotspur,0,3,1.09,1.2,1.67,1.53,1.6,0.8,43.2,44.9,8.4,13.8,0.8,2.0,0.0,0.2,0.4,0.0,-1,8.0,22.0,-14.0,1500.0797963511209,1525.710755991725,-25.630959640604033
PL-091,2025-11-01,2025-26,Crystal Palace,Brentford,2,0,1.18,1.46,1.3,1.28,1.2,0.8,52.2,49.3,13.6,9.0,1.6,0.6,0.2,0.0,0.4,0.0,1,6.0,7.0,-1.0,1501.7474921005203,1502.5962090917608,-0.8487169912405079
PL-092,2025-11-01,2025-26,Nottingham Forest,Manchester Utd,2,2,1.26,1.15,1.11,1.77,2.0,1.6,41.9,49.0,10.0,12.0,2.0,2.8,0.0,0.4,0.4,0.4,0,6.0,7.0,-1.0,1453.1076283718714,1521.9538251828649,-68.84619681099343
PL-093,2025-11-01,2025-26,Fulham,Wolves,3,0,1.43,0.79,1.34,2.0,0.6,1.2,53.6,44.7,9.4,11.2,1.6,2.4,0.0,0.0,0.2,0.4,1,7.0,6.0,1.0,1471.6415306427102,1437.4818908622653,34.15963978044488
PL-094,2025-11-01,2025-26,Burnley,Arsenal,0,2,0.89,1.65,2.08,1.11,0.4,1.4,45.2,48.1,10.2,11.6,1.6,1.0,0.2,0.0,0.0,0.6,-1,6.0,6.0,0.0,1483.0133289466976,1554.6351773465178,-71.62184839982024
PL-095,2025-11-01,2025-26,Brighton,Leeds United,3,0,1.5,1.63,0.9,0.77,1.4,1.0,53.3,52.9,12.4,11.2,2.6,2.0,0.0,0.2,0.6,0.4,1,7.0,8.0,-1.0,1500.296016959185,1488.2846960788545,12.011320880330459
PL-096,2025-11-01,2025-26,Tottenham Hotspur,Chelsea,0,1,1.2,1.83,1.53,1.09,0.8,0.8,44.9,56.7,13.8,9.4,2.0,2.0,0.2,0.0,0.0,0.2,-1,6.0,7.0,-1.0,1534.9743730556122,1507.2806845736404,27.693688481971776
PL-097,2025-11-01,2025-26,Liverpool,Aston Villa,2,0,1.56,1.46,1.16,1.86,1.4,1.8,58.5,51.5,11.0,7.8,1.2,1.6,0.0,0.0,0.4,0.4,1,7.0,6.0,1.0,1504.1727582343835,1521.0810435548283,-16.908285320444747
PL-098,2025-11-02,2025-26,West Ham United,Newcastle United,3,1,1.01,1.54,1.23,2.12,1.2,1.2,40.0,50.2,11.2,11.2,2.0,2.4,0.0,0.2,0.4,0.4,1,9.0,8.0,1.0,1445.7849235003648,1499.9787599785961,-54.19383647823133
PL-099,2025-11-02,2025-26,Manchester City,Bournemouth,3,1,1.85,2.17,1.16,1.48,1.8,1.2,66.2,51.7,8.4,10.8,1.6,2.2,0.0,0.0,0.6,0.4,1,7.0,7.0,0.0,1518.6999134528533,1536.612030297634,-17.912116844780712
PL-100,2025-11-03,2025-26,Sunderland,Everton,1,1,1.59,1.09,1.52,1.67,1.4,1.6,44.0,43.2,14.0,8.4,3.2,0.8,0.0,0.0,0.6,0.4,0,9.0,8.0,1.0,1525.841538481606,1490.8161792872336,35.02535919437241
PL-101,2025-11-08,2025-26,Tottenham Hotspur,Manchester Utd,2,2,1.2,1.15,1.53,1.77,0.8,1.6,44.9,49.0,13.8,12.0,2.0,2.8,0.2,0.4,0.0,0.4,0,7.0,7.0,0.0,1524.178968448465,1519.9978069400725,4.181161508392506
PL-102,2025-11-08,2025-26,West Ham United,Burnley,3,2,1.01,0.89,1.23,2.08,1.2,0.4,40.0,45.2,11.2,10.2,2.0,1.6,0.0,0.2,0.4,0.0,1,6.0,7.0,-1.0,1457.3322189791118,1475.0460587734403,-17.713839794328578
PL-103,2025-11-08,2025-26,Everton,Fulham,2,0,1.09,1.43,1.67,1.34,1.6,0.6,43.2,53.6,8.4,9.4,0.8,1.6,0.0,0.0,0.4,0.2,1,5.0,7.0,-2.0,1491.820888886013,1480.6614930505386,11.15939583547447
PL-104,2025-11-08,2025-26,Sunderland,Arsenal,2,2,1.59,1.65,1.52,1.11,1.4,1.4,44.0,48.1,14.0,11.6,3.2,1.0,0.0,0.0,0.6,0.6,0,5.0,7.0,-2.0,1524.8368288828265,1562.602447519775,-37.7656186369486
PL-105,2025-11-08,2025-26,Chelsea,Wolves,3,0,1.83,0.79,1.09,2.0,0.8,1.2,56.7,44.7,9.4,11.2,2.0,2.4,0.0,0.0,0.2,0.4,1,7.0,7.0,0.0,1518.0760891807877,1428.461928454437,89.61416072635075
PL-106,2025-11-09,2025-26,Aston Villa,Bournemouth,4,0,1.46,2.17,1.86,1.48,1.8,1.2,51.5,51.7,7.8,10.8,1.6,2.2,0.0,0.0,0.4,0.4,1,8.0,7.0,1.0,1510.5947678171374,1526.0969344161135,-15.502166598976146
PL-107,2025-11-09,2025-26,Nottingham Forest,Leeds United,3,1,1.26,1.63,1.11,0.77,2.0,1.0,41.9,52.9,10.0,11.2,2.0,2.0,0.0,0.2,0.4,0.4,1,8.0,8.0,0.0,1455.0636466146639,1478.6302720198687,-23.56662540520483
PL-108,2025-11-09,2025-26,Crystal Palace,Brighton,0,0,1.18,1.5,1.3,0.9,1.2,1.4,52.2,53.3,13.6,12.4,1.6,2.6,0.2,0.0,0.4,0.6,0,8.0,8.0,0.0,1511.771920090583,1509.9504410181707,1.8214790724123304
PL-109,2025-11-09,2025-26,Brentford,Newcastle United,3,1,1.46,1.54,1.28,2.12,0.8,1.2,49.3,50.2,9.0,11.2,0.6,2.4,0.0,0.2,0.0,0.4,1,8.0,7.0,1.0,1492.571781101698,1488.4314644998492,4.140316601848781
PL-110,2025-11-09,2025-26,Manchester City,Liverpool,3,0,1.85,1.56,1.16,1.16,1.8,1.4,66.2,58.5,8.4,11.0,1.6,1.2,0.0,0.0,0.6,0.4,1,7.0,8.0,-1.0,1529.2150093343737,1514.6590339720744,14.55597536229925
PL-111,2025-11-22,2025-26,Burnley,Chelsea,0,2,0.89,1.83,2.08,1.09,0.4,0.8,45.2,56.7,10.2,9.4,1.6,2.0,0.2,0.0,0.0,0.2,-1,14.0,14.0,0.0,1464.53665478919,1525.552502734142,-61.01584794495216
PL-112,2025-11-22,2025-26,Bournemouth,West Ham United,2,2,2.17,1.01,1.48,1.23,1.2,1.2,51.7,40.0,10.8,11.2,2.2,2.0,0.0,0.0,0.4,0.4,0,13.0,14.0,-1.0,1515.6510420553598,1467.8416229633622,47.8094190919976
PL-113,2025-11-22,2025-26,Fulham,Sunderland,1,0,1.43,1.59,1.34,1.52,0.6,1.4,53.6,44.0,9.4,14.0,1.6,3.2,0.0,0.0,0.2,0.6,1,14.0,14.0,0.0,1470.9825758742218,1525.9195498960637,-54.936974021841934
PL-114,2025-11-22,2025-26,Wolves,Crystal Palace,0,2,0.79,1.18,2.0,1.3,1.2,1.2,44.7,52.2,11.2,13.6,2.4,1.6,0.0,0.2,0.4,0.4,-1,14.0,13.0,1.0,1420.9855149010825,1511.7194941889036,-90.73397928782106
PL-115,2025-11-22,2025-26,Liverpool,Nottingham Forest,0,3,1.56,1.26,1.16,1.11,1.4,2.0,58.5,41.9,11.0,10.0,1.2,2.0,0.0,0.0,0.4,0.4,-1,13.0,13.0,0.0,1505.0777436720039,1465.7409102552533,39.33683341675055
PL-116,2025-11-22,2025-26,Brighton,Brentford,2,1,1.5,1.46,0.9,1.28,1.4,0.8,53.3,49.3,12.4,9.0,2.6,0.6,0.0,0.0,0.6,0.0,1,13.0,13.0,0.0,1510.0028669198502,1502.4526188512866,7.550248068563633
PL-117,2025-11-22,2025-26,Newcastle United,Manchester City,2,1,1.54,1.85,2.12,1.16,1.2,1.8,50.2,66.2,11.2,8.4,2.4,1.6,0.2,0.0,0.4,0.6,1,13.0,13.0,0.0,1478.5506267502606,1538.7962996344443,-60.245672884183705
PL-119,2025-11-23,2025-26,Arsenal,Tottenham Hotspur,4,1,1.65,1.2,1.11,1.53,1.4,0.8,48.1,44.9,11.6,13.8,1.0,2.0,0.0,0.2,0.6,0.0,1,15.0,15.0,0.0,1561.5197265065378,1524.0586307557267,37.46109575081118
PL-120,2025-11-24,2025-26,Manchester Utd,Everton,0,1,1.15,1.09,1.77,1.67,1.6,1.6,49.0,43.2,12.0,8.4,2.8,0.8,0.4,0.0,0.4,0.4,-1,16.0,16.0,0.0,1520.1181446328108,1501.49980606233,18.618338570480773
PL-121,2025-11-29,2025-26,Sunderland,Bournemouth,3,2,1.59,2.17,1.52,1.48,1.4,1.2,44.0,51.7,14.0,10.8,3.2,2.2,0.0,0.0,0.6,0.4,1,7.0,7.0,0.0,1514.3513842226005,1514.2835966017653,0.06778762083513357
PL-122,2025-11-29,2025-26,Brentford,Burnley,3,1,1.46,0.89,1.28,2.08,0.8,0.4,49.3,45.2,9.0,10.2,0.6,1.6,0.0,0.2,0.0,0.0,1,7.0,7.0,0.0,1492.6698982569542,1456.2749976169841,36.39490063997005
PL-123,2025-11-29,2025-26,Manchester City,Leeds United,3,2,1.85,1.63,1.16,0.77,1.8,1.0,66.2,52.9,8.4,11.2,1.6,2.0,0.0,0.2,0.6,0.4,1,7.0,20.0,-13.0,1527.0794626157344,1467.9530083792793,59.126454236455174
PL-124,2025-11-29,2025-26,Everton,Newcastle United,1,4,1.09,1.54,1.67,2.12,1.6,1.2,43.2,50.2,8.4,11.2,0.8,2.4,0.0,0.2,0.4,0.4,-1,5.0,7.0,-2.0,1512.0351725572305,1490.2674637689704,21.76770878826005
PL-125,2025-11-29,2025-26,Tottenham Hotspur,Fulham,1,2,1.2,1.43,1.53,1.34,0.8,0.6,44.9,53.6,13.8,9.4,2.0,1.6,0.2,0.0,0.0,0.2,-1,6.0,7.0,-1.0,1515.1326888251263,1482.550741547685,32.58194727744126
PL-126,2025-11-30,2025-26,Crystal Palace,Manchester Utd,1,2,1.18,1.15,1.3,1.77,1.2,1.6,52.2,49.0,13.6,12.0,1.6,2.8,0.2,0.4,0.4,0.4,-1,8.0,6.0,2.0,1519.1657540294866,1509.5827781379103,9.582975891576325
PL-127,2025-11-30,2025-26,Nottingham Forest,Brighton,0,2,1.26,1.5,1.11,0.9,2.0,1.4,41.9,53.3,10.0,12.4,2.0,2.6,0.0,0.0,0.4,0.6,-1,8.0,8.0,0.0,1476.8683021432364,1519.7855875141827,-42.917285370946274
PL-128,2025-11-30,2025-26,Aston Villa,Wolves,1,0,1.46,0.79,1.86,2.0,1.8,1.2,51.5,44.7,7.8,11.2,1.6,2.4,0.0,0.0,0.4,0.4,1,21.0,8.0,13.0,1521.0406601778911,1413.5392550604995,107.50140511739164
PL-129,2025-11-30,2025-26,West Ham United,Liverpool,0,2,1.01,1.56,1.23,1.16,1.2,1.4,40.0,58.5,11.2,11.0,2.0,1.2,0.0,0.0,0.4,0.4,-1,8.0,8.0,0.0,1469.2090684169566,1493.9503517840208,-24.74128336706417
PL-130,2025-11-30,2025-26,Chelsea,Arsenal,1,1,1.83,1.65,1.09,1.11,0.8,1.4,56.7,48.1,9.4,11.6,2.0,1.0,0.0,0.0,0.2,0.6,0,8.0,7.0,1.0,1533.8141599063479,1570.4456684371382,-36.63150853079037
PL-131,2025-12-02,2025-26,Bournemouth,Everton,0,1,2.17,1.09,1.48,1.67,1.2,1.6,51.7,43.2,10.8,8.4,2.2,0.8,0.0,0.0,0.4,0.4,-1,3.0,3.0,0.0,1504.2855476863058,1501.4094660238095,2.87608166249629
PL-132,2025-12-02,2025-26,Fulham,Manchester City,4,5,1.43,1.85,1.34,1.16,0.6,1.8,53.6,66.2,9.4,8.4,1.6,1.6,0.0,0.0,0.2,0.6,-1,3.0,3.0,0.0,1493.48578593288,1535.393906983052,-41.908121050171985
PL-133,2025-12-02,2025-26,Newcastle United,Tottenham Hotspur,2,2,1.54,1.2,2.12,1.53,1.2,0.8,50.2,44.9,11.2,13.8,2.4,2.0,0.2,0.2,0.4,0.0,0,3.0,3.0,0.0,1500.8931703023914,1504.1976444399313,-3.3044741375399553
PL-134,2025-12-03,2025-26,Burnley,Crystal Palace,0,1,0.89,1.18,2.08,1.3,0.4,1.2,45.2,52.2,10.2,13.6,1.6,1.6,0.2,0.2,0.0,0.4,-1,4.0,3.0,1.0,1447.3187122302002,1508.890003735336,-61.57129150513583
PL-135,2025-12-03,2025-26,Wolves,Nottingham Forest,0,1,0.79,1.26,2.0,1.11,1.2,2.0,44.7,41.9,11.2,10.0,2.4,2.0,0.0,0.0,0.4,0.4,-1,3.0,3.0,0.0,1406.5382932684884,1468.097316233131,-61.559022964642736
PL-136,2025-12-03,2025-26,Arsenal,Brentford,2,0,1.65,1.46,1.11,1.28,1.4,0.8,48.1,49.3,11.6,9.0,1.0,0.6,0.0,0.0,0.6,0.0,1,3.0,4.0,-1.0,1569.3952183665813,1501.6261836437382,67.76903472284312
PL-137,2025-12-03,2025-26,Brighton,Aston Villa,3,4,1.5,1.46,0.9,1.86,1.4,1.8,53.3,51.5,12.4,7.8,2.6,1.6,0.0,0.0,0.6,0.4,-1,3.0,3.0,0.0,1528.556573424288,1528.0416219699023,0.5149514543857094
PL-138,2025-12-03,2025-26,Liverpool,Sunderland,1,1,1.56,1.59,1.16,1.52,1.4,1.4,58.5,44.0,11.0,14.0,1.2,3.2,0.0,0.0,0.4,0.6,0,3.0,4.0,-1.0,1503.239441680926,1524.34943313806,-21.10999145713413
PL-140,2025-12-04,2025-26,Manchester Utd,West Ham United,1,1,1.15,1.01,1.77,1.23,1.6,1.2,49.0,40.0,12.0,11.2,2.8,2.0,0.4,0.0,0.4,0.4,0,4.0,4.0,0.0,1519.858528432061,1459.9199785200515,59.93854991200942
PL-141,2025-12-06,2025-26,Aston Villa,Arsenal,2,1,1.46,1.65,1.86,1.11,1.8,1.4,51.5,48.1,7.8,11.6,1.6,1.0,0.0,0.0,0.4,0.6,1,3.0,3.0,0.0,1538.0564434533303,1577.4690351527288,-39.41259169939849
PL-142,2025-12-06,2025-26,Newcastle United,Burnley,2,1,1.54,0.89,2.12,2.08,1.2,0.4,50.2,45.2,11.2,10.2,2.4,1.6,0.2,0.2,0.4,0.0,1,4.0,3.0,1.0,1500.9882778457184,1439.0725545887174,61.91572325700099
PL-143,2025-12-06,2025-26,Manchester City,Sunderland,3,0,1.85,1.59,1.16,1.52,1.8,1.4,66.2,44.0,8.4,14.0,1.6,3.2,0.0,0.0,0.6,0.6,1,4.0,3.0,1.0,1544.193510378557,1523.7425853274121,20.45092505114485
PL-144,2025-12-06,2025-26,Tottenham Hotspur,Brentford,2,0,1.2,1.46,1.53,1.28,0.8,0.8,44.9,49.3,13.8,9.0,2.0,0.6,0.2,0.0,0.0,0.0,1,4.0,3.0,1.0,1504.1025368966043,1493.5523668575906,10.550170039013665
PL-145,2025-12-06,2025-26,Bournemouth,Chelsea,0,0,2.17,1.83,1.48,1.09,1.2,0.8,51.7,56.7,10.8,9.4,2.2,2.0,0.0,0.0,0.4,0.2,0,4.0,6.0,-2.0,1494.2027692925858,1534.8646099769048,-40.66184068431903
PL-146,2025-12-06,2025-26,Everton,Nottingham Forest,3,0,1.09,1.26,1.67,1.11,1.6,2.0,43.2,41.9,8.4,10.0,0.8,2.0,0.0,0.0,0.4,0.4,1,4.0,3.0,1.0,1511.4922444175295,1476.3438161319664,35.148428285563114
PL-147,2025-12-06,2025-26,Leeds United,Liverpool,3,3,1.63,1.56,0.77,1.16,1.0,1.4,52.9,58.5,11.2,11.0,2.0,1.2,0.2,0.0,0.4,0.4,0,7.0,3.0,4.0,1459.6385640119618,1503.8462894915738,-44.20772547961201
PL-148,2025-12-07,2025-26,Brighton,West Ham United,1,1,1.5,1.01,0.9,1.23,1.4,1.2,53.3,40.0,12.4,11.2,2.6,2.0,0.0,0.0,0.6,0.4,0,4.0,3.0,1.0,1518.54175194086,1461.6282350821173,56.913516858742696
PL-149,2025-12-07,2025-26,Fulham,Crystal Palace,1,2,1.43,1.18,1.34,1.3,0.6,1.2,53.6,52.2,9.4,13.6,1.6,1.6,0.0,0.2,0.2,0.4,-1,5.0,4.0,1.0,1484.6861825373749,1517.1361613768188,-32.44997883944393
PL-150,2025-12-08,2025-26,Wolves,Manchester Utd,1,4,0.79,1.15,2.0,1.77,1.2,1.6,44.7,49.0,11.2,12.0,2.4,2.8,0.0,0.4,0.4,0.4,-1,5.0,4.0,1.0,1398.291793369653,1518.150271869995,-119.85847850034202
PL-151,2025-12-13,2025-26,Liverpool,Brighton,2,0,1.56,1.5,1.16,0.9,1.4,1.4,58.5,53.3,11.0,12.4,1.2,2.6,0.0,0.0,0.4,0.6,1,7.0,6.0,1.0,1502.5807114271395,1516.918145843064,-14.337434415924463
PL-152,2025-12-13,2025-26,Chelsea,Everton,2,0,1.83,1.09,1.09,1.67,0.8,1.6,56.7,43.2,9.4,8.4,2.0,0.8,0.0,0.0,0.2,0.4,1,7.0,7.0,0.0,1533.6995824012615,1520.484028487064,13.215553914197471
PL-153,2025-12-13,2025-26,Burnley,Fulham,2,3,0.89,1.43,2.08,1.34,0.4,0.6,45.2,53.6,10.2,9.4,1.6,1.6,0.2,0.0,0.0,0.2,-1,7.0,6.0,1.0,1430.8360038795597,1475.617461641385,-44.78145776182532
PL-154,2025-12-13,2025-26,Arsenal,Wolves,2,1,1.65,0.79,1.11,2.0,1.4,1.2,48.1,44.7,11.6,11.2,1.0,2.4,0.0,0.0,0.6,0.4,1,7.0,5.0,2.0,1566.339490533456,1391.6109577865318,174.7285327469242
PL-155,2025-12-14,2025-26,Crystal Palace,Manchester City,0,3,1.18,1.85,1.3,1.16,1.2,1.8,52.2,66.2,13.6,8.4,1.6,1.6,0.2,0.0,0.4,0.6,-1,7.0,8.0,-1.0,1526.2048822728086,1553.6055643194197,-27.40068204661111
PL-156,2025-12-14,2025-26,Sunderland,Newcastle United,1,0,1.59,1.54,1.52,2.12,1.4,1.2,44.0,50.2,14.0,11.2,3.2,2.4,0.0,0.2,0.6,0.4,1,8.0,8.0,0.0,1514.3305313865494,1509.224828554876,5.105702831673398
PL-157,2025-12-14,2025-26,West Ham United,Aston Villa,2,3,1.01,1.46,1.23,1.86,1.2,1.8,40.0,51.5,11.2,7.8,2.0,1.6,0.0,0.0,0.4,0.4,-1,7.0,8.0,-1.0,1463.2518411799133,1549.185988072603,-85.9341468926898
PL-158,2025-12-14,2025-26,Nottingham Forest,Tottenham Hotspur,3,0,1.26,1.2,1.11,1.53,2.0,0.8,41.9,44.9,10.0,13.8,2.0,2.0,0.0,0.2,0.4,0.0,1,8.0,8.0,0.0,1467.3520320624318,1513.7989718917238,-46.44693982929198
PL-159,2025-12-14,2025-26,Brentford,Leeds United,1,1,1.46,1.63,1.28,0.77,0.8,1.0,49.3,52.9,9.0,11.2,0.6,2.0,0.0,0.2,0.0,0.4,0,8.0,8.0,0.0,1483.8559318624712,1460.904142076396,22.951789786075096
PL-160,2025-12-15,2025-26,Manchester Utd,Bournemouth,4,4,1.15,2.17,1.77,1.48,1.6,1.2,49.0,51.7,12.0,10.8,2.8,2.2,0.4,0.0,0.4,0.4,0,7.0,9.0,-2.0,1524.8311074531164,1495.367796868229,29.463310584887267
PL-161,2025-12-20,2025-26,Newcastle United,Chelsea,2,2,1.54,1.83,2.12,1.09,1.2,0.8,50.2,56.7,11.2,9.4,2.4,2.0,0.2,0.0,0.4,0.2,0,6.0,7.0,-1.0,1499.371771917698,1543.319391524744,-43.947619607046136
PL-162,2025-12-20,2025-26,Brighton,Sunderland,0,0,1.5,1.59,0.9,1.52,1.4,1.4,53.3,44.0,12.4,14.0,2.6,3.2,0.0,0.0,0.6,0.6,0,7.0,6.0,1.0,1506.5057153940613,1524.1835880237275,-17.677872629666126
PL-163,2025-12-20,2025-26,Wolves,Brentford,0,2,0.79,1.46,2.0,1.28,1.2,0.8,44.7,49.3,11.2,9.0,2.4,0.6,0.0,0.0,0.4,0.0,-1,7.0,6.0,1.0,1386.2549774718086,1483.1962855357108,-96.94130806390217
PL-164,2025-12-20,2025-26,Manchester City,West Ham United,3,0,1.85,1.01,1.16,1.23,1.8,1.2,66.2,40.0,8.4,11.2,1.6,2.0,0.0,0.0,0.6,0.4,1,6.0,6.0,0.0,1562.8185403200976,1455.6759917031327,107.14254861696486
PL-165,2025-12-20,2025-26,Bournemouth,Burnley,1,1,2.17,0.89,1.48,2.08,1.2,0.4,51.7,45.2,10.8,10.2,2.2,1.6,0.0,0.2,0.4,0.0,0,5.0,7.0,-2.0,1496.2137921183205,1422.1178273844116,74.09596473390889
PL-166,2025-12-20,2025-26,Tottenham Hotspur,Liverpool,1,2,1.2,1.56,1.53,1.16,0.8,1.4,44.9,58.5,13.8,11.0,2.0,1.2,0.2,0.0,0.0,0.4,-1,6.0,7.0,-1.0,1502.4700289033558,1512.993141876142,-10.523112972786294
PL-167,2025-12-20,2025-26,Everton,Arsenal,0,1,1.09,1.65,1.67,1.11,1.6,1.4,43.2,48.1,8.4,11.6,0.8,1.0,0.0,0.0,0.4,0.6,-1,7.0,7.0,0.0,1510.8642193635815,1571.6954708481792,-60.831251484597715
PL-168,2025-12-20,2025-26,Leeds United,Crystal Palace,4,1,1.63,1.18,0.77,1.3,1.0,1.2,52.9,52.2,11.2,13.6,2.0,1.6,0.2,0.2,0.4,0.4,1,6.0,6.0,0.0,1461.5637884031564,1516.9919062721308,-55.42811786897437
PL-169,2025-12-21,2025-26,Aston Villa,Manchester Utd,2,1,1.46,1.15,1.86,1.77,1.8,1.6,51.5,49.0,7.8,12.0,1.6,2.8,0.0,0.4,0.4,0.4,1,7.0,6.0,1.0,1556.7618375493837,1523.985112203025,32.77672534635872
PL-170,2025-12-22,2025-26,Fulham,Nottingham Forest,1,0,1.43,1.26,1.34,1.11,0.6,2.0,53.6,41.9,9.4,10.0,1.6,2.0,0.0,0.0,0.2,0.4,1,9.0,8.0,1.0,1484.3356381365331,1478.6809750507998,5.654663085733318
PL-171,2025-12-26,2025-26,Manchester Utd,Newcastle United,1,0,1.15,1.54,1.77,2.12,1.6,1.2,49.0,50.2,12.0,11.2,2.8,2.4,0.4,0.2,0.4,0.4,1,5.0,6.0,-1.0,1514.925713444685,1500.6299827462165,14.29573069846856
PL-172,2025-12-27,2025-26,Nottingham Forest,Manchester City,1,2,1.26,1.85,1.11,1.16,2.0,1.8,41.9,66.2,10.0,8.4,2.0,1.6,0.0,0.0,0.4,0.6,-1,5.0,7.0,-2.0,1468.8437149682732,1569.8289047528208,-100.98518978454763
PL-173,2025-12-27,2025-26,Liverpool,Wolves,2,1,1.56,0.79,1.16,2.0,1.4,1.2,58.5,44.7,11.0,11.2,1.2,2.4,0.0,0.0,0.4,0.4,1,7.0,7.0,0.0,1522.690354920421,1378.9749512257392,143.71540369468175
PL-174,2025-12-27,2025-26,West Ham United,Fulham,0,1,1.01,1.43,1.23,1.34,1.2,0.6,40.0,53.6,11.2,9.4,2.0,1.6,0.0,0.0,0.4,0.2,-1,7.0,5.0,2.0,1448.6656272704095,1494.1728982190598,-45.50727094865033
PL-175,2025-12-27,2025-26,Arsenal,Brighton,2,1,1.65,1.5,1.11,0.9,1.4,1.4,48.1,53.3,11.6,12.4,1.0,2.6,0.0,0.0,0.6,0.6,1,7.0,7.0,0.0,1579.962281055501,1507.0140868409683,72.9481942145328
PL-176,2025-12-27,2025-26,Burnley,Everton,0,0,0.89,1.09,2.08,1.67,0.4,1.6,45.2,43.2,10.2,8.4,1.6,0.8,0.2,0.0,0.0,0.4,0,7.0,7.0,0.0,1424.2187257525104,1502.5974091562596,-78.37868340374916
PL-177,2025-12-27,2025-26,Brentford,Bournemouth,4,1,1.46,2.17,1.28,1.48,0.8,1.2,49.3,51.7,9.0,10.8,0.6,2.2,0.0,0.0,0.0,0.4,1,7.0,7.0,0.0,1490.4763117817802,1494.1128937502217,-3.636581968441533
PL-178,2025-12-27,2025-26,Chelsea,Aston Villa,1,2,1.83,1.46,1.09,1.86,0.8,1.8,56.7,51.5,9.4,7.8,2.0,1.6,0.0,0.0,0.2,0.4,-1,7.0,6.0,1.0,1542.0611806962256,1565.8212363077237,-23.760055611498046
PL-180,2025-12-28,2025-26,Crystal Palace,Tottenham Hotspur,0,1,1.18,1.2,1.3,1.53,1.2,0.8,52.2,44.9,13.6,13.8,1.6,2.0,0.2,0.2,0.4,0.0,-1,8.0,8.0,0.0,1505.409955038409,1492.772815859077,12.637139179332053
PL-181,2025-12-30,2025-26,West Ham United,Brighton,2,2,1.01,1.5,1.23,0.9,1.2,1.4,40.0,53.3,11.2,12.4,2.0,2.6,0.0,0.0,0.4,0.6,0,3.0,3.0,0.0,1439.9679925802777,1499.0833860136474,-59.11539343336972
PL-182,2025-12-30,2025-26,Nottingham Forest,Everton,0,2,1.26,1.09,1.11,1.67,2.0,1.6,41.9,43.2,10.0,8.4,2.0,0.8,0.0,0.0,0.4,0.4,-1,3.0,3.0,0.0,1461.6711250171065,1500.3789952256468,-38.70787020854027
PL-183,2025-12-30,2025-26,Burnley,Newcastle United,1,3,0.89,1.54,2.08,2.12,0.4,1.2,45.2,50.2,10.2,11.2,1.6,2.4,0.2,0.2,0.0,0.4,-1,3.0,4.0,-1.0,1426.4371396831232,1491.041214901563,-64.6040752184399
PL-184,2025-12-30,2025-26,Chelsea,Bournemouth,2,2,1.83,2.17,1.09,1.48,0.8,1.2,56.7,51.7,9.4,10.8,2.0,2.2,0.0,0.0,0.2,0.4,0,3.0,3.0,0.0,1532.7439859594172,1484.0082283295783,48.73575762983887
PL-185,2025-12-30,2025-26,Manchester Utd,Wolves,1,1,1.15,0.79,1.77,2.0,1.6,1.2,49.0,44.7,12.0,11.2,2.8,2.4,0.4,0.0,0.4,0.4,0,4.0,3.0,1.0,1524.5144812893384,1372.8905934366016,151.62388785273674
PL-186,2025-12-30,2025-26,Arsenal,Aston Villa,4,1,1.65,1.46,1.11,1.86,1.4,1.8,48.1,51.5,11.6,7.8,1.0,1.6,0.0,0.0,0.6,0.4,1,3.0,3.0,0.0,1587.892981882822,1575.1384310445321,12.754550838289788
PL-187,2026-01-01,2025-26,Liverpool,Leeds United,0,0,1.56,1.63,1.16,0.77,1.4,1.0,58.5,52.9,11.0,11.2,1.2,2.0,0.0,0.2,0.4,0.4,0,5.0,12.0,-7.0,1528.7747127095586,1473.1457396368783,55.62897307268031
PL-188,2026-01-01,2025-26,Crystal Palace,Fulham,1,1,1.18,1.43,1.3,1.34,1.2,0.6,52.2,53.6,13.6,9.4,1.6,1.6,0.2,0.0,0.4,0.2,0,4.0,5.0,-1.0,1495.0463892491027,1502.8705329091915,-7.824143660088794
PL-189,2026-01-01,2025-26,Brentford,Tottenham Hotspur,0,0,1.46,1.2,1.28,1.53,0.8,0.8,49.3,44.9,9.0,13.8,0.6,2.0,0.0,0.2,0.0,0.0,0,5.0,4.0,1.0,1500.5809772024236,1503.1363816483831,-2.555404445959539
PL-190,2026-01-01,2025-26,Sunderland,Manchester City,0,0,1.59,1.85,1.52,1.16,1.4,1.8,44.0,66.2,14.0,8.4,3.2,1.6,0.0,0.0,0.6,0.6,0,12.0,5.0,7.0,1523.6752165768205,1577.0014947039874,-53.326278127166916
PL-191,2026-01-03,2025-26,Aston Villa,Nottingham Forest,3,1,1.46,1.26,1.86,1.11,1.8,2.0,51.5,41.9,7.8,10.0,1.6,2.0,0.0,0.0,0.4,0.4,1,4.0,4.0,0.0,1565.5053717045748,1452.7806403514116,112.72473135316318
PL-192,2026-01-03,2025-26,Brighton,Burnley,2,0,1.5,0.89,0.9,2.08,1.4,0.4,53.3,45.2,12.4,10.2,2.6,1.6,0.0,0.2,0.6,0.0,1,4.0,4.0,0.0,1497.398139693337,1418.2754560791914,79.12268361414567
PL-193,2026-01-03,2025-26,Wolves,West Ham United,3,0,0.79,1.01,2.0,1.23,1.2,1.2,44.7,40.0,11.2,11.2,2.4,2.0,0.0,0.0,0.4,0.4,1,4.0,4.0,0.0,1376.9972248930771,1441.6532389005881,-64.65601400751098
PL-194,2026-01-03,2025-26,Bournemouth,Arsenal,2,3,2.17,1.65,1.48,1.11,1.2,1.4,51.7,48.1,10.8,11.6,2.2,1.0,0.0,0.0,0.4,0.6,-1,4.0,4.0,0.0,1485.4018277943132,1597.5260412227792,-112.12421342846596
PL-196,2026-01-04,2025-26,Everton,Brentford,2,4,1.09,1.46,1.67,1.28,1.6,0.8,43.2,49.3,8.4,9.0,0.8,0.6,0.0,0.0,0.4,0.0,-1,5.0,3.0,2.0,1509.2694798913417,1500.6545263284715,8.614953562870141
PL-197,2026-01-04,2025-26,Newcastle United,Crystal Palace,2,0,1.54,1.18,2.12,1.3,1.2,1.2,50.2,52.2,11.2,13.6,2.4,1.6,0.2,0.2,0.4,0.4,1,5.0,3.0,2.0,1499.2028985054949,1495.2715481452412,3.9313503602536457
PL-198,2026-01-04,2025-26,Tottenham Hotspur,Sunderland,1,1,1.2,1.59,1.53,1.52,0.8,1.4,44.9,44.0,13.8,14.0,2.0,3.2,0.2,0.0,0.0,0.6,0,3.0,3.0,0.0,1503.0628325223352,1525.198130170003,-22.135297647667812
PL-199,2026-01-04,2025-26,Fulham,Liverpool,2,2,1.43,1.56,1.34,1.16,0.6,1.4,53.6,58.5,9.4,11.0,1.6,1.2,0.0,0.0,0.2,0.4,0,3.0,3.0,0.0,1502.645374013053,1527.1871255899077,-24.541751576854722
PL-200,2026-01-04,2025-26,Manchester City,Chelsea,1,1,1.85,1.83,1.16,1.09,1.8,0.8,66.2,56.7,8.4,9.4,1.6,2.0,0.0,0.0,0.6,0.2,0,3.0,5.0,-2.0,1575.478581110805,1531.3503864946822,44.128194616122755
PL-201,2026-01-06,2025-26,West Ham United,Nottingham Forest,1,2,1.01,1.26,1.23,1.11,1.2,2.0,40.0,41.9,11.2,10.0,2.0,2.0,0.0,0.0,0.4,0.4,-1,3.0,3.0,0.0,1429.8134781450888,1445.9158717805783,-16.102393635489534
PL-202,2026-01-07,2025-26,Fulham,Chelsea,2,1,1.43,1.83,1.34,1.09,0.6,0.8,53.6,56.7,9.4,9.4,1.6,2.0,0.0,0.0,0.2,0.2,1,3.0,3.0,0.0,1503.3505699215707,1532.6137120755943,-29.263142154023626
PL-203,2026-01-07,2025-26,Everton,Wolves,1,1,1.09,0.79,1.67,2.0,1.6,1.2,43.2,44.7,8.4,11.2,0.8,2.4,0.0,0.0,0.4,0.4,0,3.0,4.0,-1.0,1499.0215724008744,1388.8369856485765,110.18458675229795
PL-204,2026-01-07,2025-26,Manchester City,Brighton,1,1,1.85,1.5,1.16,0.9,1.8,1.4,66.2,53.3,8.4,12.4,1.6,2.6,0.0,0.0,0.6,0.6,0,3.0,4.0,-1.0,1574.2152555298928,1505.1593752763968,69.05588025349607
PL-205,2026-01-07,2025-26,Crystal Palace,Aston Villa,0,0,1.18,1.46,1.3,1.86,1.2,1.8,52.2,51.5,13.6,7.8,1.6,1.6,0.2,0.0,0.4,0.4,0,3.0,4.0,-1.0,1485.3846966754086,1572.3701402754082,-86.9854435999996
PL-206,2026-01-07,2025-26,Brentford,Sunderland,3,0,1.46,1.59,1.28,1.52,0.8,1.4,49.3,44.0,9.0,14.0,0.6,3.2,0.0,0.0,0.0,0.6,1,3.0,3.0,0.0,1510.9024338189388,1524.5618857021193,-13.659451883180509
PL-207,2026-01-07,2025-26,Bournemouth,Tottenham Hotspur,3,2,2.17,1.2,1.48,1.53,1.2,0.8,51.7,44.9,10.8,13.8,2.2,2.0,0.0,0.2,0.4,0.0,1,4.0,3.0,1.0,1478.5214654836946,1503.6990769902188,-25.177611506524272
PL-208,2026-01-07,2025-26,Burnley,Manchester Utd,2,2,0.89,1.15,2.08,1.77,0.4,1.6,45.2,49.0,10.2,12.0,1.6,2.8,0.2,0.4,0.0,0.4,0,4.0,8.0,-4.0,1410.5142204961317,1520.407849832863,-109.89362933673124
PL-209,2026-01-07,2025-26,Newcastle United,Leeds United,4,3,1.54,1.63,2.12,0.77,1.2,1.0,50.2,52.9,11.2,11.2,2.4,2.0,0.2,0.2,0.4,0.4,1,3.0,6.0,-3.0,1509.0897499753275,1474.733326756529,34.356423218798454
PL-210,2026-01-08,2025-26,Arsenal,Liverpool,0,0,1.65,1.56,1.11,1.16,1.4,1.4,48.1,58.5,11.6,11.0,1.0,1.2,0.0,0.0,0.6,0.4,0,5.0,4.0,1.0,1604.406403533398,1526.48192968139,77.92447385200785
PL-211,2026-01-17,2025-26,Manchester Utd,Manchester City,2,0,1.15,1.85,1.77,1.16,1.6,1.8,49.0,66.2,12.0,8.4,2.8,1.6,0.4,0.0,0.4,0.6,1,10.0,10.0,0.0,1517.3462808526936,1572.253433704526,-54.90715285183251
PL-212,2026-01-17,2025-26,Chelsea,Brentford,2,0,1.83,1.46,1.09,1.28,0.8,0.8,56.7,49.3,9.4,9.0,2.0,0.6,0.0,0.0,0.2,0.0,1,10.0,10.0,0.0,1521.7734371800864,1521.2953820117327,0.4780551683536487
PL-213,2026-01-17,2025-26,Liverpool,Burnley,1,1,1.56,0.89,1.16,2.08,1.4,0.4,58.5,45.2,11.0,10.2,1.2,1.6,0.0,0.2,0.4,0.0,0,9.0,10.0,-1.0,1528.6879101907582,1413.575789476301,115.1121207144572
PL-214,2026-01-17,2025-26,Tottenham Hotspur,West Ham United,1,2,1.2,1.01,1.53,1.23,0.8,1.2,44.9,40.0,13.8,11.2,2.0,2.0,0.2,0.0,0.0,0.4,-1,10.0,11.0,-1.0,1492.9756729457506,1420.2766107354855,72.69906221026508
PL-215,2026-01-17,2025-26,Sunderland,Crystal Palace,2,1,1.59,1.18,1.52,1.3,1.4,1.2,44.0,52.2,14.0,13.6,3.2,1.6,0.0,0.2,0.6,0.4,1,10.0,10.0,0.0,1514.1689375093254,1487.8373068304295,26.331630678895863
PL-216,2026-01-17,2025-26,Leeds United,Fulham,1,0,1.63,1.43,0.77,1.34,1.0,0.6,52.9,53.6,11.2,9.4,2.0,1.6,0.2,0.0,0.4,0.2,1,10.0,10.0,0.0,1465.71897351929,1514.1908448170786,-48.47187129778854
PL-217,2026-01-17,2025-26,Nottingham Forest,Arsenal,0,0,1.26,1.65,1.11,1.11,2.0,1.4,41.9,48.1,10.0,11.6,2.0,1.0,0.0,0.0,0.4,0.6,0,11.0,9.0,2.0,1455.4527391901815,1602.2004230240298,-146.7476838338482
PL-219,2026-01-18,2025-26,Aston Villa,Everton,0,1,1.46,1.09,1.86,1.67,1.8,1.6,51.5,43.2,7.8,8.4,1.6,0.8,0.0,0.0,0.4,0.4,-1,11.0,11.0,0.0,1569.9175301203873,1495.952415892474,73.96511422791332
PL-220,2026-01-19,2025-26,Brighton,Bournemouth,1,1,1.5,2.17,0.9,1.48,1.4,1.2,53.3,51.7,12.4,10.8,2.6,2.2,0.0,0.0,0.6,0.4,0,12.0,12.0,0.0,1507.1211971017635,1489.2448695281628,17.876327573600747
PL-221,2026-01-24,2025-26,West Ham United,Sunderland,3,1,1.01,1.59,1.23,1.52,1.2,1.4,40.0,44.0,11.2,14.0,2.0,3.2,0.0,0.0,0.4,0.6,1,7.0,7.0,0.0,1432.339045340111,1523.412500002203,-91.07345466209199
PL-222,2026-01-24,2025-26,Burnley,Tottenham Hotspur,2,2,0.89,1.2,2.08,1.53,0.4,0.8,45.2,44.9,10.2,13.8,1.6,2.0,0.2,0.2,0.0,0.0,0,7.0,7.0,0.0,1416.7728469046924,1480.9132383411252,-64.14039143643276
PL-223,2026-01-24,2025-26,Fulham,Brighton,2,1,1.43,1.5,1.34,0.9,0.6,1.4,53.6,53.3,9.4,12.4,1.6,2.6,0.0,0.0,0.2,0.6,1,7.0,5.0,2.0,1502.8046938894934,1506.6071285906246,-3.802434701131233
PL-224,2026-01-24,2025-26,Manchester City,Wolves,2,0,1.85,0.79,1.16,2.0,1.8,1.2,66.2,44.7,8.4,11.2,1.6,2.4,0.0,0.0,0.6,0.4,1,7.0,17.0,-10.0,1560.686105257222,1391.906142156977,168.7799631002449
PL-225,2026-01-24,2025-26,Bournemouth,Liverpool,3,2,2.17,1.56,1.48,1.16,1.2,1.4,51.7,58.5,10.8,11.0,2.2,1.2,0.0,0.0,0.4,0.4,1,5.0,7.0,-2.0,1489.7589380393017,1525.4908527623668,-35.731914723065074
PL-226,2026-01-25,2025-26,Brentford,Nottingham Forest,0,2,1.46,1.26,1.28,1.11,0.8,2.0,49.3,41.9,9.0,10.0,0.6,2.0,0.0,0.0,0.0,0.4,-1,8.0,8.0,0.0,1511.3091415368528,1459.4420225231336,51.867119013719275
PL-227,2026-01-25,2025-26,Newcastle United,Aston Villa,0,2,1.54,1.46,2.12,1.86,1.2,1.8,50.2,51.5,11.2,7.8,2.4,1.6,0.2,0.0,0.4,0.4,-1,18.0,7.0,11.0,1518.1041032125665,1557.820231986603,-39.716128774036406
PL-228,2026-01-25,2025-26,Crystal Palace,Chelsea,1,3,1.18,1.83,1.3,1.09,1.2,0.8,52.2,56.7,13.6,9.4,1.6,2.0,0.2,0.0,0.4,0.2,-1,8.0,8.0,0.0,1478.593744337552,1531.7596776549663,-53.16593331741433
PL-229,2026-01-25,2025-26,Arsenal,Manchester Utd,2,3,1.65,1.15,1.11,1.77,1.4,1.6,48.1,49.0,11.6,12.0,1.0,2.8,0.0,0.4,0.6,0.4,-1,8.0,8.0,0.0,1598.2111396910777,1528.9136092999977,69.29753039108004
PL-230,2026-01-26,2025-26,Everton,Leeds United,1,1,1.09,1.63,1.67,0.77,1.6,1.0,43.2,52.9,8.4,11.2,0.8,2.0,0.0,0.2,0.4,0.4,0,8.0,9.0,-1.0,1508.0497140262582,1477.1051244468754,30.944589579382864
PL-231,2026-01-31,2025-26,Wolves,Bournemouth,0,2,0.79,2.17,2.0,1.48,1.2,1.2,44.7,51.7,11.2,10.8,2.4,2.2,0.0,0.0,0.4,0.4,-1,7.0,7.0,0.0,1386.414810765264,1500.7837745177865,-114.3689637525224
PL-232,2026-01-31,2025-26,Leeds United,Arsenal,0,4,1.63,1.65,0.77,1.11,1.0,1.4,52.9,48.1,11.2,11.6,2.0,1.0,0.2,0.0,0.4,0.6,-1,5.0,6.0,-1.0,1477.9934336756344,1586.2426312189532,-108.24919754331881
PL-233,2026-01-31,2025-26,Brighton,Everton,1,1,1.5,1.09,0.9,1.67,1.4,1.6,53.3,43.2,12.4,8.4,2.6,0.8,0.0,0.0,0.6,0.4,0,7.0,5.0,2.0,1496.497690091761,1507.1614047974992,-10.663714705738357
PL-234,2026-01-31,2025-26,Chelsea,West Ham United,3,2,1.83,1.01,1.09,1.23,0.8,1.2,56.7,40.0,9.4,11.2,2.0,2.0,0.0,0.0,0.2,0.4,1,6.0,7.0,-1.0,1540.2412724366268,1444.90191688778,95.3393555488467
PL-235,2026-01-31,2025-26,Liverpool,Newcastle United,4,1,1.56,1.54,1.16,2.12,1.4,1.2,58.5,50.2,11.0,11.2,1.2,2.4,0.0,0.2,0.4,0.4,1,7.0,6.0,1.0,1514.466016283882,1509.2422720114137,5.223744272468366
PL-236,2026-02-01,2025-26,Aston Villa,Brentford,0,1,1.46,1.46,1.86,1.28,1.8,0.8,51.5,49.3,7.8,9.0,1.6,0.6,0.0,0.0,0.4,0.0,-1,7.0,7.0,0.0,1566.6820631877558,1499.8272778881762,66.85478529957959
PL-237,2026-02-01,2025-26,Nottingham Forest,Crystal Palace,1,1,1.26,1.18,1.11,1.3,2.0,1.2,41.9,52.2,10.0,13.6,2.0,1.6,0.0,0.2,0.4,0.4,0,7.0,7.0,0.0,1470.9238861718102,1470.1121495558914,0.8117366159187895
PL-238,2026-02-01,2025-26,Manchester Utd,Fulham,3,2,1.15,1.43,1.77,1.34,1.6,0.6,49.0,53.6,12.0,9.4,2.8,1.6,0.4,0.0,0.4,0.2,1,7.0,8.0,-1.0,1540.8821177721222,1512.914132388357,27.967985383765154
PL-239,2026-02-01,2025-26,Tottenham Hotspur,Manchester City,2,2,1.2,1.85,1.53,1.16,0.8,1.8,44.9,66.2,13.8,8.4,2.0,1.6,0.2,0.0,0.0,0.6,0,8.0,8.0,0.0,1479.0878199818205,1566.1774366489349,-87.08961666711434
PL-240,2026-02-02,2025-26,Sunderland,Burnley,3,0,1.59,0.89,1.52,2.08,1.4,0.4,44.0,45.2,14.0,10.2,3.2,1.6,0.0,0.2,0.6,0.0,1,9.0,9.0,0.0,1510.8496284545338,1418.598265263997,92.25136319053672
PL-241,2026-02-06,2025-26,Leeds United,Nottingham Forest,3,1,1.63,1.26,0.77,1.11,1.0,2.0,52.9,41.9,11.2,10.0,2.0,2.0,0.2,0.0,0.4,0.4,1,6.0,5.0,1.0,1471.01204656851,1470.9005225564304,0.11152401207959883
PL-242,2026-02-07,2025-26,Manchester Utd,Tottenham Hotspur,2,0,1.15,1.2,1.77,1.53,1.6,0.8,49.0,44.9,12.0,13.8,2.8,2.0,0.4,0.2,0.4,0.0,1,6.0,6.0,0.0,1550.0788687082854,1481.54324791228,68.53562079600533
PL-243,2026-02-07,2025-26,Arsenal,Sunderland,3,0,1.65,1.59,1.11,1.52,1.4,1.4,48.1,44.0,11.6,14.0,1.0,3.2,0.0,0.0,0.6,0.6,1,7.0,5.0,2.0,1593.2240183260776,1518.255108444293,74.96890988178461
PL-244,2026-02-07,2025-26,Burnley,West Ham United,0,2,0.89,1.01,2.08,1.23,0.4,1.2,45.2,40.0,10.2,11.2,1.6,2.0,0.2,0.0,0.0,0.4,-1,5.0,7.0,-2.0,1411.1927852742378,1437.5791406121346,-26.386355337896703
PL-245,2026-02-07,2025-26,Fulham,Everton,1,2,1.43,1.09,1.34,1.67,0.6,1.6,53.6,43.2,9.4,8.4,1.6,0.8,0.0,0.0,0.2,0.4,-1,6.0,7.0,-1.0,1503.7173814521939,1506.8545747585042,-3.137193306310337
PL-246,2026-02-07,2025-26,Bournemouth,Aston Villa,1,1,2.17,1.46,1.48,1.86,1.2,1.8,51.7,51.5,10.8,7.8,2.2,1.6,0.0,0.0,0.4,0.4,0,7.0,6.0,1.0,1507.6059336912408,1554.7812306731523,-47.175296981911515
PL-247,2026-02-07,2025-26,Wolves,Chelsea,1,3,0.79,1.83,2.0,1.09,1.2,0.8,44.7,56.7,11.2,9.4,2.4,2.0,0.0,0.0,0.4,0.2,-1,7.0,7.0,0.0,1379.5926515918097,1547.5640487122723,-167.9713971204626
PL-248,2026-02-07,2025-26,Newcastle United,Brentford,2,3,1.54,1.46,2.12,1.28,1.2,0.8,50.2,49.3,11.2,9.0,2.4,0.6,0.2,0.0,0.4,0.0,-1,7.0,6.0,1.0,1499.3926121293196,1511.7281104027797,-12.335498273460189
PL-249,2026-02-08,2025-26,Brighton,Crystal Palace,0,1,1.5,1.18,0.9,1.3,1.4,1.2,53.3,52.2,12.4,13.6,2.6,1.6,0.0,0.2,0.6,0.4,-1,8.0,7.0,1.0,1496.804520130756,1470.1355131712712,26.669006959484705
PL-250,2026-02-08,2025-26,Liverpool,Manchester City,1,2,1.56,1.85,1.16,1.16,1.4,1.8,58.5,66.2,11.0,8.4,1.2,1.6,0.0,0.0,0.4,0.6,-1,8.0,7.0,1.0,1524.3156761659761,1563.7220087184753,-39.40633255249918
PL-251,2026-02-10,2025-26,Everton,Bournemouth,1,2,1.09,2.17,1.67,1.48,1.6,1.2,43.2,51.7,8.4,10.8,0.8,2.2,0.0,0.0,0.4,0.4,-1,3.0,3.0,0.0,1516.7642815306913,1508.9554644782404,7.808817052450877
PL-252,2026-02-10,2025-26,Chelsea,Leeds United,2,2,1.83,1.63,1.09,0.77,0.8,1.0,56.7,52.9,9.4,11.2,2.0,2.0,0.0,0.2,0.2,0.4,0,3.0,4.0,-1.0,1553.0739411107756,1481.0088366495236,72.06510446125208
PL-253,2026-02-10,2025-26,Tottenham Hotspur,Newcastle United,1,2,1.2,1.54,1.53,2.12,0.8,1.2,44.9,50.2,13.8,11.2,2.0,2.4,0.2,0.2,0.0,0.4,-1,3.0,3.0,0.0,1473.4906675680995,1489.7475071997246,-16.2568396316251
PL-254,2026-02-10,2025-26,West Ham United,Manchester Utd,1,1,1.01,1.15,1.23,1.77,1.2,1.6,40.0,49.0,11.2,12.0,2.0,2.8,0.0,0.4,0.4,0.4,0,3.0,3.0,0.0,1446.821137034083,1558.131449052466,-111.310312018383
PL-255,2026-02-11,2025-26,Nottingham Forest,Wolves,0,0,1.26,0.79,1.11,2.0,2.0,1.2,41.9,44.7,10.0,11.2,2.0,2.4,0.0,0.0,0.4,0.4,0,5.0,4.0,1.0,1460.9037324754167,1374.0827591933064,86.82097328211034
PL-256,2026-02-11,2025-26,Manchester City,Fulham,3,0,1.85,1.43,1.16,1.34,1.8,0.6,66.2,53.6,8.4,9.4,1.6,1.6,0.0,0.0,0.6,0.2,1,3.0,4.0,-1.0,1572.592641953777,1493.8076746800068,78.78496727377023
PL-257,2026-02-11,2025-26,Aston Villa,Brighton,1,0,1.46,1.5,1.86,0.9,1.8,1.4,51.5,53.3,7.8,12.4,1.6,2.6,0.0,0.0,0.4,0.6,1,4.0,3.0,1.0,1553.4316998861527,1486.0384284289592,67.39327145719358
PL-258,2026-02-11,2025-26,Crystal Palace,Burnley,2,3,1.18,0.89,1.3,2.08,1.2,0.4,52.2,45.2,13.6,10.2,1.6,1.6,0.2,0.2,0.4,0.0,-1,3.0,4.0,-1.0,1480.901604873068,1401.9507888522894,78.95081602077857
PL-259,2026-02-11,2025-26,Sunderland,Liverpool,0,1,1.59,1.56,1.52,1.16,1.4,1.4,44.0,58.5,14.0,11.0,3.2,1.2,0.0,0.0,0.6,0.4,-1,4.0,3.0,1.0,1510.3800104948598,1515.4450429306744,-5.065032435814601
PL-260,2026-02-12,2025-26,Brentford,Arsenal,1,1,1.46,1.65,1.28,1.11,0.8,1.4,49.3,48.1,9.0,11.6,0.6,1.0,0.0,0.0,0.0,0.6,0,5.0,5.0,0.0,1521.3732153323747,1601.0991162755108,-79.72590094313614
PL-261,2026-02-18,2025-26,Wolves,Arsenal,2,2,0.79,1.65,2.0,1.11,1.2,1.4,44.7,48.1,11.2,11.6,2.4,1.0,0.0,0.0,0.4,0.6,0,7.0,6.0,1.0,1376.5309197500635,1598.8438664869675,-222.312946736904
PL-262,2026-02-21,2025-26,Chelsea,Burnley,1,1,1.83,0.89,1.09,2.08,0.8,0.4,56.7,45.2,9.4,10.2,2.0,1.6,0.0,0.2,0.2,0.0,0,11.0,10.0,1.0,1551.028983683379,1414.1848539364291,136.84412974694987
PL-263,2026-02-21,2025-26,Brentford,Brighton,0,2,1.46,1.5,1.28,0.9,0.8,1.4,49.3,53.3,9.0,12.4,0.6,2.6,0.0,0.0,0.0,0.6,-1,9.0,10.0,-1.0,1523.628465120918,1477.9541954093868,45.674269711531224
PL-264,2026-02-21,2025-26,Aston Villa,Leeds United,1,1,1.46,1.63,1.86,0.77,1.8,1.0,51.5,52.9,7.8,11.2,1.6,2.0,0.0,0.2,0.4,0.4,0,10.0,11.0,-1.0,1561.515932905725,1483.0537940769202,78.46213882880488
PL-265,2026-02-21,2025-26,West Ham United,Bournemouth,0,0,1.01,2.17,1.23,1.48,1.2,1.2,40.0,51.7,11.2,10.8,2.0,2.2,0.0,0.0,0.4,0.4,0,11.0,11.0,0.0,1449.919613179146,1519.180182462353,-69.26056928320713
PL-266,2026-02-21,2025-26,Manchester City,Newcastle United,2,1,1.85,1.54,1.16,2.12,1.8,1.2,66.2,50.2,8.4,11.2,1.6,2.4,0.0,0.2,0.6,0.4,1,10.0,11.0,-1.0,1580.3631126155058,1499.279938922668,81.08317369283782
PL-268,2026-02-22,2025-26,Nottingham Forest,Liverpool,0,1,1.26,1.56,1.11,1.16,2.0,1.4,41.9,58.5,10.0,11.0,2.0,1.2,0.0,0.0,0.4,0.4,-1,11.0,11.0,0.0,1458.4555719186596,1525.2992699051931,-66.84369798653347
PL-269,2026-02-22,2025-26,Crystal Palace,Wolves,1,0,1.18,0.79,1.3,2.0,1.2,1.2,52.2,44.7,13.6,11.2,1.6,2.4,0.2,0.0,0.4,0.4,1,11.0,4.0,7.0,1468.6675397889283,1382.179017095304,86.48852269362419
PL-270,2026-02-22,2025-26,Tottenham Hotspur,Arsenal,1,4,1.2,1.65,1.53,1.11,0.8,1.4,44.9,48.1,13.8,11.6,2.0,1.0,0.2,0.0,0.0,0.6,-1,12.0,4.0,8.0,1463.9582358451562,1593.195769141727,-129.23753329657075
PL-271,2026-02-23,2025-26,Everton,Manchester Utd,0,1,1.09,1.15,1.67,1.77,1.6,1.6,43.2,49.0,8.4,12.0,0.8,2.8,0.0,0.4,0.4,0.4,-1,13.0,13.0,0.0,1506.5395635465786,1555.032972907403,-48.493409360824444
PL-272,2026-02-27,2025-26,Wolves,Aston Villa,2,0,0.79,1.46,2.0,1.86,1.2,1.8,44.7,51.5,11.2,7.8,2.4,1.6,0.0,0.0,0.4,0.4,1,5.0,6.0,-1.0,1374.6181803489258,1559.2952352696832,-184.67705492075743
PL-273,2026-02-28,2025-26,Bournemouth,Sunderland,1,1,2.17,1.59,1.48,1.52,1.2,1.4,51.7,44.0,10.8,14.0,2.2,3.2,0.0,0.0,0.4,0.6,0,7.0,17.0,-10.0,1517.2126966143023,1500.525783520341,16.686913093961266
PL-274,2026-02-28,2025-26,Burnley,Brentford,3,4,0.89,1.46,2.08,1.28,0.4,0.8,45.2,49.3,10.2,9.0,1.6,0.6,0.2,0.0,0.0,0.0,-1,7.0,7.0,0.0,1417.93176308987,1512.3213750239972,-94.38961193412729
PL-275,2026-02-28,2025-26,Liverpool,West Ham United,5,2,1.56,1.01,1.16,1.23,1.4,1.2,58.5,40.0,11.0,11.2,1.2,2.0,0.0,0.0,0.4,0.4,1,6.0,7.0,-1.0,1533.3987449807007,1451.8870990271967,81.51164595350406
PL-276,2026-02-28,2025-26,Newcastle United,Everton,2,3,1.54,1.09,2.12,1.67,1.2,1.6,50.2,43.2,11.2,8.4,2.4,0.8,0.2,0.0,0.4,0.4,-1,7.0,5.0,2.0,1491.5722344066248,1497.926322473083,-6.354088066458189
PL-277,2026-02-28,2025-26,Leeds United,Manchester City,0,1,1.63,1.85,0.77,1.16,1.0,1.8,52.9,66.2,11.2,8.4,2.0,1.6,0.2,0.0,0.4,0.6,-1,7.0,7.0,0.0,1485.2744917129621,1588.070817131549,-102.79632541858678
PL-278,2026-03-01,2025-26,Brighton,Nottingham Forest,2,1,1.5,1.26,0.9,1.11,1.4,2.0,53.3,41.9,12.4,10.0,2.6,2.0,0.0,0.0,0.6,0.4,1,8.0,7.0,1.0,1489.2612855063076,1450.356096843152,38.90518866315551
PL-279,2026-03-01,2025-26,Manchester Utd,Crystal Palace,2,1,1.15,1.18,1.77,1.3,1.6,1.2,49.0,52.2,12.0,13.6,2.8,1.6,0.4,0.2,0.4,0.4,1,6.0,7.0,-1.0,1563.6462139808987,1476.2283765353066,87.41783744559211
PL-280,2026-03-01,2025-26,Fulham,Tottenham Hotspur,2,1,1.43,1.2,1.34,1.53,0.6,0.8,53.6,44.9,9.4,13.8,1.6,2.0,0.0,0.2,0.2,0.0,1,18.0,7.0,11.0,1486.037204018278,1457.515420562944,28.521783455334116
PL-281,2026-03-01,2025-26,Arsenal,Chelsea,2,1,1.65,1.83,1.11,1.09,1.4,0.8,48.1,56.7,11.6,9.4,1.0,2.0,0.0,0.0,0.6,0.2,1,7.0,8.0,-1.0,1599.6385844239392,1547.2820745299382,52.356509894000965
PL-282,2026-03-03,2025-26,Bournemouth,Brentford,0,0,2.17,1.46,1.48,1.28,1.2,0.8,51.7,49.3,10.8,9.0,2.2,0.6,0.0,0.0,0.4,0.0,0,3.0,3.0,0.0,1516.7327776110067,1519.6695463379922,-2.9367687269855196
PL-283,2026-03-03,2025-26,Leeds United,Sunderland,0,1,1.63,1.59,0.77,1.52,1.0,1.4,52.9,44.0,11.2,14.0,2.0,3.2,0.2,0.0,0.4,0.6,-1,3.0,3.0,0.0,1478.1497921214677,1501.0057025236367,-22.855910402169002
PL-284,2026-03-03,2025-26,Everton,Burnley,2,0,1.09,0.89,1.67,2.08,1.6,0.4,43.2,45.2,8.4,10.2,0.8,1.6,0.0,0.2,0.4,0.0,1,3.0,3.0,0.0,1507.7434575045088,1410.583591775875,97.1598657286338
PL-285,2026-03-03,2025-26,Wolves,Liverpool,2,1,0.79,1.56,2.0,1.16,1.2,1.4,44.7,58.5,11.2,11.0,2.4,1.2,0.0,0.0,0.4,0.4,1,4.0,3.0,1.0,1389.4837794202872,1541.094768403648,-151.6109889833608
PL-286,2026-03-04,2025-26,Brighton,Arsenal,0,1,1.5,1.65,0.9,1.11,1.4,1.4,53.3,48.1,12.4,11.6,2.6,1.0,0.0,0.0,0.6,0.6,-1,3.0,3.0,0.0,1498.1461611577272,1608.142947170471,-109.99678601274377
PL-287,2026-03-04,2025-26,Manchester City,Nottingham Forest,2,2,1.85,1.26,1.16,1.11,1.8,2.0,66.2,41.9,8.4,10.0,1.6,2.0,0.0,0.0,0.6,0.4,0,4.0,3.0,1.0,1595.1955167230433,1441.4712211917324,153.72429553131087
PL-288,2026-03-04,2025-26,Fulham,West Ham United,0,1,1.43,1.01,1.34,1.23,0.6,1.2,53.6,40.0,9.4,11.2,1.6,2.0,0.0,0.0,0.2,0.4,-1,3.0,4.0,-1.0,1495.2181202491176,1444.1910756042494,51.02704464486828
PL-289,2026-03-04,2025-26,Aston Villa,Chelsea,1,4,1.46,1.83,1.86,1.09,1.8,0.8,51.5,56.7,7.8,9.4,1.6,2.0,0.0,0.0,0.4,0.2,-1,5.0,3.0,2.0,1544.4296361983218,1538.7777117834064,5.6519244149153565
PL-290,2026-03-04,2025-26,Newcastle United,Manchester Utd,2,1,1.54,1.15,2.12,1.77,1.2,1.6,50.2,49.0,11.2,12.0,2.4,2.8,0.2,0.4,0.4,0.4,1,4.0,3.0,1.0,1481.755099375199,1571.1819107271842,-89.42681135198518
PL-291,2026-03-05,2025-26,Tottenham Hotspur,Crystal Palace,1,3,1.2,1.18,1.53,1.3,0.8,1.2,44.9,52.2,13.8,13.6,2.0,1.6,0.2,0.2,0.0,0.4,-1,4.0,4.0,0.0,1448.3345043321044,1468.692679789021,-20.35817545691657
PL-292,2026-03-14,2025-26,Sunderland,Brighton,0,1,1.59,1.5,1.52,0.9,1.4,1.4,44.0,53.3,14.0,12.4,3.2,2.6,0.0,0.0,0.6,0.6,-1,11.0,10.0,1.0,1510.3488038692556,1491.2104206823751,19.138383186880446
PL-293,2026-03-14,2025-26,Burnley,Bournemouth,0,0,0.89,2.17,2.08,1.48,0.4,1.2,45.2,51.7,10.2,10.8,1.6,2.2,0.2,0.0,0.0,0.4,0,11.0,11.0,0.0,1403.3093897333429,1516.8173025966196,-113.50791286327672
PL-294,2026-03-14,2025-26,Arsenal,Everton,2,0,1.65,1.09,1.11,1.67,1.4,1.6,48.1,43.2,11.6,8.4,1.0,0.8,0.0,0.0,0.6,0.4,1,10.0,11.0,-1.0,1615.078687645823,1515.017659547041,100.06102809878212
PL-295,2026-03-14,2025-26,Chelsea,Newcastle United,0,1,1.83,1.54,1.09,2.12,0.8,1.2,56.7,50.2,9.4,11.2,2.0,2.4,0.0,0.2,0.2,0.4,-1,10.0,10.0,0.0,1548.9403728964635,1494.2736361978152,54.666736698648265
PL-296,2026-03-14,2025-26,West Ham United,Manchester City,1,1,1.01,1.85,1.23,1.16,1.2,1.8,40.0,66.2,11.2,8.4,2.0,1.6,0.0,0.0,0.4,0.6,0,10.0,10.0,0.0,1455.6492824964353,1591.0387510678077,-135.3894685713724
PL-297,2026-03-15,2025-26,Nottingham Forest,Fulham,0,0,1.26,1.43,1.11,1.34,2.0,0.6,41.9,53.6,10.0,9.4,2.0,1.6,0.0,0.0,0.4,0.2,0,11.0,11.0,0.0,1445.627986846968,1483.7599133569317,-38.131926509963705
PL-298,2026-03-15,2025-26,Crystal Palace,Leeds United,0,0,1.18,1.63,1.3,0.77,1.2,1.0,52.2,52.9,13.6,11.2,1.6,2.0,0.2,0.2,0.4,0.4,0,10.0,12.0,-2.0,1478.107394091381,1468.806690775849,9.300703315532019
PL-299,2026-03-15,2025-26,Manchester Utd,Aston Villa,3,1,1.15,1.46,1.77,1.86,1.6,1.8,49.0,51.5,12.0,7.8,2.8,1.6,0.4,0.0,0.4,0.4,1,11.0,11.0,0.0,1558.663373904568,1534.2669750852647,24.396398819303386
PL-300,2026-03-15,2025-26,Liverpool,Tottenham Hotspur,1,1,1.56,1.2,1.16,1.53,1.4,0.8,58.5,44.9,11.0,13.8,1.2,2.0,0.0,0.2,0.4,0.0,0,12.0,10.0,2.0,1526.988445600447,1438.9197900297445,88.0686555707025
PL-301,2026-03-16,2025-26,Brentford,Wolves,2,2,1.46,0.79,1.28,2.0,0.8,1.2,49.3,44.7,9.0,11.2,0.6,2.4,0.0,0.0,0.0,0.4,0,13.0,13.0,0.0,1519.5850213523793,1403.5901022234882,115.99491912889107
PL-302,2026-03-20,2025-26,Bournemouth,Manchester Utd,2,2,2.17,1.15,1.48,1.77,1.2,1.6,51.7,49.0,10.8,12.0,2.2,2.8,0.0,0.4,0.4,0.4,0,6.0,5.0,1.0,1513.661759564495,1567.9623409022436,-54.300581337748554
PL-303,2026-03-21,2025-26,Brighton,Liverpool,2,1,1.5,1.56,0.9,1.16,1.4,1.4,53.3,58.5,12.4,11.0,2.6,1.2,0.0,0.0,0.6,0.4,1,7.0,6.0,1.0,1501.7607111563527,1524.5065559922489,-22.74584483589615
PL-304,2026-03-21,2025-26,Fulham,Burnley,3,1,1.43,0.89,1.34,2.08,0.6,0.4,53.6,45.2,9.4,10.2,1.6,1.6,0.0,0.2,0.2,0.0,1,6.0,7.0,-1.0,1482.6667739449422,1406.4649327654674,76.20184117947474
PL-305,2026-03-21,2025-26,Everton,Chelsea,3,0,1.09,1.83,1.67,1.09,1.6,0.8,43.2,56.7,8.4,9.4,0.8,2.0,0.0,0.0,0.4,0.2,1,7.0,7.0,0.0,1507.8205781534712,1537.3797949288135,-29.559216775342293
PL-306,2026-03-21,2025-26,Leeds United,Brentford,0,0,1.63,1.46,0.77,1.28,1.0,0.8,52.9,49.3,11.2,9.0,2.0,0.6,0.2,0.0,0.4,0.0,0,6.0,5.0,1.0,1469.0743226097777,1516.3651706047985,-47.29084799502084
PL-307,2026-03-22,2025-26,Newcastle United,Sunderland,1,2,1.54,1.59,2.12,1.52,1.2,1.4,50.2,44.0,11.2,14.0,2.4,3.2,0.2,0.0,0.4,0.6,-1,8.0,8.0,0.0,1505.8342141654653,1499.798513395278,6.035700770187304
PL-308,2026-03-22,2025-26,Aston Villa,West Ham United,2,0,1.46,1.01,1.86,1.23,1.8,1.2,51.5,40.0,7.8,11.2,1.6,2.0,0.0,0.0,0.4,0.4,1,7.0,8.0,-1.0,1524.9680080875892,1459.3601448550871,65.60786323250204
PL-309,2026-03-22,2025-26,Tottenham Hotspur,Nottingham Forest,0,3,1.2,1.26,1.53,1.11,0.8,2.0,44.9,41.9,13.8,10.0,2.0,2.0,0.2,0.0,0.0,0.4,-1,7.0,7.0,0.0,1441.4016796379426,1446.7211262589576,-5.319446621015004
PL-310,2026-04-10,2025-26,West Ham United,Wolves,4,0,1.01,0.79,1.23,2.0,1.2,1.2,40.0,44.7,11.2,11.2,2.0,2.4,0.0,0.0,0.4,0.4,1,19.0,25.0,-6.0,1451.2263613407972,1406.809952971069,44.41640836972829
PL-311,2026-04-11,2025-26,Arsenal,Bournemouth,1,2,1.65,2.17,1.11,1.48,1.4,1.2,48.1,51.7,11.6,10.8,1.0,2.2,0.0,0.0,0.6,0.4,-1,28.0,22.0,6.0,1622.2757690393928,1515.2120537084409,107.06371533095194
PL-312,2026-04-11,2025-26,Burnley,Brighton,0,2,0.89,1.5,2.08,0.9,0.4,1.4,45.2,53.3,10.2,12.4,1.6,2.6,0.2,0.0,0.0,0.6,-1,21.0,21.0,0.0,1398.62369346318,1512.4144554737154,-113.79076201053545
PL-313,2026-04-11,2025-26,Brentford,Everton,2,2,1.46,1.09,1.28,1.67,0.8,1.6,49.3,43.2,9.0,8.4,0.6,0.8,0.0,0.0,0.0,0.4,0,21.0,21.0,0.0,1515.012374710007,1518.6693139851309,-3.656939275123932
PL-314,2026-04-11,2025-26,Liverpool,Fulham,2,0,1.56,1.43,1.16,1.34,1.4,0.6,58.5,53.6,11.0,9.4,1.2,1.6,0.0,0.0,0.4,0.2,1,21.0,21.0,0.0,1513.8528116748862,1490.5080132472297,23.344798427656542
PL-315,2026-04-12,2025-26,Crystal Palace,Newcastle United,2,1,1.18,1.54,1.3,2.12,1.2,1.2,52.2,50.2,13.6,11.2,1.6,2.4,0.2,0.2,0.4,0.4,1,28.0,21.0,7.0,1477.839762257452,1495.6605102064918,-17.820747949039742
PL-316,2026-04-12,2025-26,Nottingham Forest,Aston Villa,1,1,1.26,1.46,1.11,1.86,2.0,1.8,41.9,51.5,10.0,7.8,2.0,1.6,0.0,0.0,0.4,0.4,0,21.0,21.0,0.0,1456.5680322400956,1533.101791601879,-76.5337593617835
PL-317,2026-04-12,2025-26,Sunderland,Tottenham Hotspur,1,0,1.59,1.2,1.52,1.53,1.4,0.8,44.0,44.9,14.0,13.8,3.2,2.0,0.0,0.2,0.6,0.0,1,21.0,21.0,0.0,1509.9722173542514,1431.5547736568046,78.41744369744674
PL-318,2026-04-12,2025-26,Chelsea,Manchester City,0,3,1.83,1.85,1.09,1.16,0.8,1.8,56.7,66.2,9.4,8.4,2.0,1.6,0.0,0.0,0.2,0.6,-1,22.0,29.0,-7.0,1526.5310590971537,1587.3278887091558,-60.79682961200206
PL-319,2026-04-13,2025-26,Manchester Utd,Leeds United,1,2,1.15,1.63,1.77,0.77,1.6,1.0,49.0,52.9,12.0,11.2,2.8,2.0,0.4,0.2,0.4,0.4,-1,24.0,23.0,1.0,1566.4120467582977,1470.4271185045693,95.98492825372841
PL-320,2026-04-18,2025-26,Brentford,Fulham,0,0,1.46,1.43,1.28,1.34,0.8,0.6,49.3,53.6,9.0,9.4,0.6,1.6,0.0,0.0,0.0,0.2,0,7.0,7.0,0.0,1515.1176259964889,1481.1789212059073,33.938704790581596
PL-321,2026-04-18,2025-26,Newcastle United,Bournemouth,1,2,1.54,2.17,2.12,1.48,1.2,1.2,50.2,51.7,11.2,10.8,2.4,2.2,0.2,0.0,0.4,0.4,-1,6.0,7.0,-1.0,1485.1480371911503,1528.1996229330314,-43.05158574188113
PL-322,2026-04-18,2025-26,Leeds United,Wolves,3,0,1.63,0.79,0.77,2.0,1.0,1.2,52.9,44.7,11.2,11.2,2.0,2.4,0.2,0.0,0.4,0.4,1,5.0,8.0,-3.0,1483.1215829050502,1398.0814407585617,85.0401421464885
PL-323,2026-04-18,2025-26,Tottenham Hotspur,Brighton,2,2,1.2,1.5,1.53,0.9,0.8,1.4,44.9,53.3,13.8,12.4,2.0,2.6,0.2,0.0,0.0,0.6,0,6.0,7.0,-1.0,1423.7742482688589,1519.2515839144103,-95.47733564555142
PL-324,2026-04-18,2025-26,Chelsea,Manchester Utd,0,1,1.83,1.15,1.09,1.77,0.8,1.6,56.7,49.0,9.4,12.0,2.0,2.8,0.0,0.4,0.2,0.4,-1,6.0,5.0,1.0,1518.2632878935365,1553.7175823578168,-35.45429446428034
PL-325,2026-04-19,2025-26,Nottingham Forest,Burnley,4,1,1.26,0.89,1.11,2.08,2.0,0.4,41.9,45.2,10.0,10.2,2.0,1.6,0.0,0.2,0.4,0.0,1,7.0,8.0,-1.0,1458.7358992193808,1391.786565022485,66.94933419689573
PL-326,2026-04-19,2025-26,Aston Villa,Sunderland,4,3,1.46,1.59,1.86,1.52,1.8,1.4,51.5,44.0,7.8,14.0,1.6,3.2,0.0,0.0,0.4,0.6,1,7.0,7.0,0.0,1530.9339246225938,1517.7527427421971,13.181181880396707
PL-327,2026-04-19,2025-26,Everton,Liverpool,1,2,1.09,1.56,1.67,1.16,1.6,1.4,43.2,58.5,8.4,11.0,0.8,1.2,0.0,0.0,0.4,0.4,-1,8.0,8.0,0.0,1518.564062698649,1523.1819037162086,-4.617841017559613
PL-328,2026-04-19,2025-26,Manchester City,Arsenal,2,1,1.85,1.65,1.16,1.11,1.8,1.4,66.2,48.1,8.4,11.6,1.6,1.0,0.0,0.0,0.6,0.6,1,7.0,8.0,-1.0,1595.595659912773,1609.2881998148023,-13.692539902029239
PL-329,2026-04-20,2025-26,Crystal Palace,West Ham United,0,0,1.18,1.01,1.3,1.23,1.2,1.2,52.2,40.0,13.6,11.2,1.6,2.0,0.2,0.0,0.4,0.4,0,8.0,10.0,-2.0,1488.3522352727937,1459.9548735533044,28.397361719489254
